"latin_binomial"	"common_name"	"pt"	"max"
Abies alba	European silver fir	Silver fir	c6858656-3d01-4683-bcae-d3090f6bbf20
Abies alba	Silver fir	Silver fir	c6858656-3d01-4683-bcae-d3090f6bbf20
Acanthus mollis	Bear's breeches	Bear's breeches	a4b65461-0c13-4606-b3fe-2493a34df60e
Acer floridanum	Sugarmaple	Sugarmaple	"87342938-1913-4899-96ab-c1a666f8503b"
Acer rubrum	Red maple	Rotahorn	dca88a50-dcaf-4ec2-a967-b6693312b055
Acer rubrum	Rotahorn	Rotahorn	dca88a50-dcaf-4ec2-a967-b6693312b055
Achillea millefolium	Common yarrow	Yarrow	fd6f5e8d-1483-4abf-9ea2-1358c6546bbf
Achillea millefolium	Milfoil	Yarrow	fd6f5e8d-1483-4abf-9ea2-1358c6546bbf
Achillea millefolium	Yarrow	Yarrow	fd6f5e8d-1483-4abf-9ea2-1358c6546bbf
Acorus calamus	Calamus	Sweetroot	c361ee2b-c3da-4529-a16d-10d927394571
Acorus calamus	Flagroot	Sweetroot	c361ee2b-c3da-4529-a16d-10d927394571
Acorus calamus	Myrtle-flag	Sweetroot	c361ee2b-c3da-4529-a16d-10d927394571
Acorus calamus	Sweet calamus	Sweetroot	c361ee2b-c3da-4529-a16d-10d927394571
Acorus calamus	Sweet-flag	Sweetroot	c361ee2b-c3da-4529-a16d-10d927394571
Acorus calamus	Sweetroot	Sweetroot	c361ee2b-c3da-4529-a16d-10d927394571
Actaea racemosa	Black bugbane	Black cohosh	"14021ec7-e812-4902-9692-7eb7ca234f13"
Actaea racemosa	Black cohosh	Black cohosh	"14021ec7-e812-4902-9692-7eb7ca234f13"
Actaea racemosa	Black snakeroot	Black cohosh	"14021ec7-e812-4902-9692-7eb7ca234f13"
Adiantum capillus	Common maidenhair	Maidenhair fern	"1a52a6dd-6962-4afd-9273-33f18802fbb9"
Adiantum capillus	Maidenhair fern	Maidenhair fern	"1a52a6dd-6962-4afd-9273-33f18802fbb9"
Aesculus hippocastanum	Common horse chestnut	Horse-chestnut	f99f948b-3e2a-4fc1-a321-5a1882985a11
Aesculus hippocastanum	Horse-chestnut	Horse-chestnut	f99f948b-3e2a-4fc1-a321-5a1882985a11
Aframomum melegueta	Guinea-pepper	Guinea-pepper	f3c325ad-db41-4a45-a0a6-a72447c1d70b
Agathosma betulina	Buchu	Mountain buchu	c1f4d2fb-83bd-4a8f-be47-30fdebaba6a8
Agathosma betulina	Honey buchu	Mountain buchu	c1f4d2fb-83bd-4a8f-be47-30fdebaba6a8
Agathosma betulina	Mountain buchu	Mountain buchu	c1f4d2fb-83bd-4a8f-be47-30fdebaba6a8
Agrimonia eupatoria	Agrimony	Da hua long ya cao	ea0d693a-4a6c-40f4-a160-f8c224747806
Agrimonia eupatoria	Da hua long ya cao	Da hua long ya cao	ea0d693a-4a6c-40f4-a160-f8c224747806
Albizia julibrissin	Happiness Tree	Silktree albizia	ea7062e4-b93e-45eb-9db8-2cd77cc04b9f
Albizia julibrissin	He huan	Silktree albizia	ea7062e4-b93e-45eb-9db8-2cd77cc04b9f
Albizia julibrissin	Mimosa	Silktree albizia	ea7062e4-b93e-45eb-9db8-2cd77cc04b9f
Albizia julibrissin	Silktree	Silktree albizia	ea7062e4-b93e-45eb-9db8-2cd77cc04b9f
Albizia julibrissin	Silktree albizia	Silktree albizia	ea7062e4-b93e-45eb-9db8-2cd77cc04b9f
Alchemilla xanthochlora	Lady's-mantle	Lady's-mantle	e6ee11b0-69f2-4b3a-94d8-a46de7eca8c8
Allium cepa	Onion	Shallot	c95b0f35-c4e1-41be-a15a-75a1ec8c16e9
Allium cepa	Shallot	Shallot	c95b0f35-c4e1-41be-a15a-75a1ec8c16e9
Aloe vera	Aloe	Aloe vera	cf371310-170f-4572-8a1b-7d4fe69aa271
Aloe vera	Aloe vera	Aloe vera	cf371310-170f-4572-8a1b-7d4fe69aa271
Aloe vera	Barbados aloe	Aloe vera	cf371310-170f-4572-8a1b-7d4fe69aa271
Aloe vera	Curaçao aloe	Aloe vera	cf371310-170f-4572-8a1b-7d4fe69aa271
Aloe vera	True aloe	Aloe vera	cf371310-170f-4572-8a1b-7d4fe69aa271
Aloe vera	West Indian aloe	Aloe vera	cf371310-170f-4572-8a1b-7d4fe69aa271
Alpinia officinarum	Chinese-ginger	Lesser galangal	d74c0c4d-14fd-411b-82e0-f80d84123933
Alpinia officinarum	Lesser galanga	Lesser galangal	d74c0c4d-14fd-411b-82e0-f80d84123933
Alpinia officinarum	Lesser galangal	Lesser galangal	d74c0c4d-14fd-411b-82e0-f80d84123933
Amaranthus spinosus	Prickly Amaranth	Spiny Amaranth	ef2a4bb3-f678-4955-9563-a617a97896cc
Amaranthus spinosus	Spiny Amaranth	Spiny Amaranth	ef2a4bb3-f678-4955-9563-a617a97896cc
Amomum villosum	Sha ren	Villous amomum	e21c9a66-8cae-4758-a25a-dac290ac6e58
Amomum villosum	Sharen	Villous amomum	e21c9a66-8cae-4758-a25a-dac290ac6e58
Amomum villosum	Villous amomum	Villous amomum	e21c9a66-8cae-4758-a25a-dac290ac6e58
Anethum graveolens	Dill	Shi luo	fae4cb18-9ba2-4057-a19e-33a36597b09f
Anethum graveolens	Garden dill	Shi luo	fae4cb18-9ba2-4057-a19e-33a36597b09f
Anethum graveolens	Shi luo	Shi luo	fae4cb18-9ba2-4057-a19e-33a36597b09f
Angelica sinensis	Chinese Angelica	Tang-kuei	d4b76a10-d981-437a-ba8a-b086294a5d1d
Angelica sinensis	Dang quai	Tang-kuei	d4b76a10-d981-437a-ba8a-b086294a5d1d
Angelica sinensis	Dang qui	Tang-kuei	d4b76a10-d981-437a-ba8a-b086294a5d1d
Angelica sinensis	Dong gui	Tang-kuei	d4b76a10-d981-437a-ba8a-b086294a5d1d
Angelica sinensis	Dong quai	Tang-kuei	d4b76a10-d981-437a-ba8a-b086294a5d1d
Angelica sinensis	Tang-kuei	Tang-kuei	d4b76a10-d981-437a-ba8a-b086294a5d1d
Apium graveolens	Celery	Celery	"74397cbf-f058-4272-9f55-ba0d6674e037"
Aralia racemosa	American spikenard	American spikenard	"70ac0b77-9e3c-4ffc-b04e-d8ec3721a949"
Aralia spinosa	Cong mu	Japanese aralia	cf4870c5-005b-4e72-b686-033606791f84
Aralia spinosa	Japanese angelica-tree	Japanese aralia	cf4870c5-005b-4e72-b686-033606791f84
Aralia spinosa	Japanese aralia	Japanese aralia	cf4870c5-005b-4e72-b686-033606791f84
Arctium lappa	Burdock	Niu bang zi	bb2af679-76f0-4a8d-a10f-12ffa8743bcf
Arctium lappa	Burr seed	Niu bang zi	bb2af679-76f0-4a8d-a10f-12ffa8743bcf
Arctium lappa	Cocklebur	Niu bang zi	bb2af679-76f0-4a8d-a10f-12ffa8743bcf
Arctium lappa	Edible burdock	Niu bang zi	bb2af679-76f0-4a8d-a10f-12ffa8743bcf
Arctium lappa	Gobo	Niu bang zi	bb2af679-76f0-4a8d-a10f-12ffa8743bcf
Arctium lappa	Goboshi	Niu bang zi	bb2af679-76f0-4a8d-a10f-12ffa8743bcf
Arctium lappa	Great burdock	Niu bang zi	bb2af679-76f0-4a8d-a10f-12ffa8743bcf
Arctium lappa	Great burdocks	Niu bang zi	bb2af679-76f0-4a8d-a10f-12ffa8743bcf
Arctium lappa	Greater burdock	Niu bang zi	bb2af679-76f0-4a8d-a10f-12ffa8743bcf
Arctium lappa	Hardock	Niu bang zi	bb2af679-76f0-4a8d-a10f-12ffa8743bcf
Arctium lappa	Harebur	Niu bang zi	bb2af679-76f0-4a8d-a10f-12ffa8743bcf
Arctium lappa	Lappa	Niu bang zi	bb2af679-76f0-4a8d-a10f-12ffa8743bcf
Arctium lappa	Niu bang zi	Niu bang zi	bb2af679-76f0-4a8d-a10f-12ffa8743bcf
Arctostaphylos uva	Bearberry	Uva ursi	d7317507-1a12-42a8-8fee-a1424d83ff20
Arctostaphylos uva	Kinnikinnick	Uva ursi	d7317507-1a12-42a8-8fee-a1424d83ff20
Arctostaphylos uva	Uva ursi	Uva ursi	d7317507-1a12-42a8-8fee-a1424d83ff20
Ardisia crenata	Coralberry	Zhu sha gen	"839ec0de-f59d-4da5-a63c-099995194cbc"
Ardisia crenata	Coralberry tree	Zhu sha gen	"839ec0de-f59d-4da5-a63c-099995194cbc"
Ardisia crenata	Coral bush	Zhu sha gen	"839ec0de-f59d-4da5-a63c-099995194cbc"
Ardisia crenata	Hen's-eyes	Zhu sha gen	"839ec0de-f59d-4da5-a63c-099995194cbc"
Ardisia crenata	Koraalbessieboom	Zhu sha gen	"839ec0de-f59d-4da5-a63c-099995194cbc"
Ardisia crenata	Spiceberry	Zhu sha gen	"839ec0de-f59d-4da5-a63c-099995194cbc"
Ardisia crenata	Zhu sha gen	Zhu sha gen	"839ec0de-f59d-4da5-a63c-099995194cbc"
Areca catechu	Areca palm	Bing lang	"616e0127-28b4-4431-99c0-2ea1666b8589"
Areca catechu	Bing lang	Bing lang	"616e0127-28b4-4431-99c0-2ea1666b8589"
Aristotelia chilensis	Maqui	Maqui	d9624ec5-9af4-4393-95be-c85b3019e8b6
Artemisia absinthium	Absinthe	Wormwood	"488c2d18-ddd9-4e7d-95c4-a764ec7f7495"
Artemisia absinthium	Absinthe wormwood	Wormwood	"488c2d18-ddd9-4e7d-95c4-a764ec7f7495"
Artemisia absinthium	Absinthium	Wormwood	"488c2d18-ddd9-4e7d-95c4-a764ec7f7495"
Artemisia absinthium	Wormwood	Wormwood	"488c2d18-ddd9-4e7d-95c4-a764ec7f7495"
Artemisia annua	Huang hua hao	Sweet wormwood	d390e86c-f0ce-43f8-b442-2dee3934fdb8
Artemisia annua	Sweet Annie	Sweet wormwood	d390e86c-f0ce-43f8-b442-2dee3934fdb8
Artemisia annua	Sweet wormwood	Sweet wormwood	d390e86c-f0ce-43f8-b442-2dee3934fdb8
Artocarpus altilis	Breadfruit	Breadfruit	"1199d0d2-76bc-4ef2-af9e-d1460f644638"
Asparagus racemosus	Shatamuli	Shatavari	d66f339c-b862-4658-9e18-1d5a91b2ad1e
Asparagus racemosus	Shatavari	Shatavari	d66f339c-b862-4658-9e18-1d5a91b2ad1e
Atractylodes lancea	Maocangzhu	Maocangzhu	c1a7c95e-3139-40fa-818e-5c7784910d03
Atractylodes macrocephala	Bai zhu	White Atractylodes	"89b3f47a-cdff-4029-94d4-469a32824b91"
Atractylodes macrocephala	Bai zhu atractylodes	White Atractylodes	"89b3f47a-cdff-4029-94d4-469a32824b91"
Atractylodes macrocephala	Largehead Atractylodes	White Atractylodes	"89b3f47a-cdff-4029-94d4-469a32824b91"
Atractylodes macrocephala	White Atractylodes	White Atractylodes	"89b3f47a-cdff-4029-94d4-469a32824b91"
Azadirachta indica	Indian-lilac	Nimtree	c6079570-36c1-4279-a1e2-7cbb3dae6940
Azadirachta indica	Margosa	Nimtree	c6079570-36c1-4279-a1e2-7cbb3dae6940
Azadirachta indica	Neem	Nimtree	c6079570-36c1-4279-a1e2-7cbb3dae6940
Azadirachta indica	Nimtree	Nimtree	c6079570-36c1-4279-a1e2-7cbb3dae6940
Bacopa monnieri	Bacopa	Water hyssop	ae731326-0799-4e27-b673-c1515fde858f
Bacopa monnieri	Moneywort	Water hyssop	ae731326-0799-4e27-b673-c1515fde858f
Bacopa monnieri	Water hyssop	Water hyssop	ae731326-0799-4e27-b673-c1515fde858f
Ballota nigra	Ballota	Marrubium Nigrum	e8858c93-80e2-4f9c-8239-3370d659b542
Ballota nigra	Black hempnettle	Marrubium Nigrum	e8858c93-80e2-4f9c-8239-3370d659b542
Ballota nigra	Black horehound	Marrubium Nigrum	e8858c93-80e2-4f9c-8239-3370d659b542
Ballota nigra	Black Stinking Horehound	Marrubium Nigrum	e8858c93-80e2-4f9c-8239-3370d659b542
Ballota nigra	Marrubium Nigrum	Marrubium Nigrum	e8858c93-80e2-4f9c-8239-3370d659b542
Berberis aquifolium	Blue barberry	Oregon-grape	"88584ab6-ef3a-49fa-9379-45155f655158"
Berberis aquifolium	Holly barberry	Oregon-grape	"88584ab6-ef3a-49fa-9379-45155f655158"
Berberis aquifolium	Holly mahonia	Oregon-grape	"88584ab6-ef3a-49fa-9379-45155f655158"
Berberis aquifolium	Mahonia	Oregon-grape	"88584ab6-ef3a-49fa-9379-45155f655158"
Berberis aquifolium	Mountain grape	Oregon-grape	"88584ab6-ef3a-49fa-9379-45155f655158"
Berberis aquifolium	Mountain-grape	Oregon-grape	"88584ab6-ef3a-49fa-9379-45155f655158"
Berberis aquifolium	Oregon grape	Oregon-grape	"88584ab6-ef3a-49fa-9379-45155f655158"
Berberis aquifolium	Oregon-grape	Oregon-grape	"88584ab6-ef3a-49fa-9379-45155f655158"
Berberis aristata	Indian barberry	Tree-turmeric	e1196f46-132a-425a-9f9f-9966f535776f
Berberis aristata	Tree-turmeric	Tree-turmeric	e1196f46-132a-425a-9f9f-9966f535776f
Berberis lycium	Berberislycium	Berberislycium	b39ddc3a-46af-4e6c-9ece-5e403eb9ff02
Berberis vulgaris	Common barberry	piprage	fd881f44-f5ea-4299-88b7-5c85977c138f
Berberis vulgaris	European barberry	piprage	fd881f44-f5ea-4299-88b7-5c85977c138f
Berberis vulgaris	Jaundice-berry	piprage	fd881f44-f5ea-4299-88b7-5c85977c138f
Berberis vulgaris	piprage	piprage	fd881f44-f5ea-4299-88b7-5c85977c138f
Beta vulgaris	Beet	Beet root	e646c8d2-e269-411a-9407-f9db7d1d2f39
Beta vulgaris	Beet root	Beet root	e646c8d2-e269-411a-9407-f9db7d1d2f39
Beta vulgaris	Field beet	Beet root	e646c8d2-e269-411a-9407-f9db7d1d2f39
Beta vulgaris	Fodder beet	Beet root	e646c8d2-e269-411a-9407-f9db7d1d2f39
Beta vulgaris	Foliage beet	Beet root	e646c8d2-e269-411a-9407-f9db7d1d2f39
Beta vulgaris	Garden beet	Beet root	e646c8d2-e269-411a-9407-f9db7d1d2f39
Beta vulgaris	Mangel	Beet root	e646c8d2-e269-411a-9407-f9db7d1d2f39
Beta vulgaris	Mangel-wurzel	Beet root	e646c8d2-e269-411a-9407-f9db7d1d2f39
Beta vulgaris	Mangold	Beet root	e646c8d2-e269-411a-9407-f9db7d1d2f39
Beta vulgaris	Red beet	Beet root	e646c8d2-e269-411a-9407-f9db7d1d2f39
Beta vulgaris	Sicilian broad-rib beet	Beet root	e646c8d2-e269-411a-9407-f9db7d1d2f39
Beta vulgaris	Spinach beet	Beet root	e646c8d2-e269-411a-9407-f9db7d1d2f39
Beta vulgaris	Spinach chard	Beet root	e646c8d2-e269-411a-9407-f9db7d1d2f39
Beta vulgaris	Sugar beet	Beet root	e646c8d2-e269-411a-9407-f9db7d1d2f39
Beta vulgaris	Swiss chard	Beet root	e646c8d2-e269-411a-9407-f9db7d1d2f39
Beta vulgaris	Tian cai	Beet root	e646c8d2-e269-411a-9407-f9db7d1d2f39
Beta vulgaris	Yellow beet	Beet root	e646c8d2-e269-411a-9407-f9db7d1d2f39
Bidens pilosa	Hairy beggar-ticks	Spanish-needles	e52fff66-4f49-49c6-9819-6d2c8b65901d
Bidens pilosa	Spanish-needles	Spanish-needles	e52fff66-4f49-49c6-9819-6d2c8b65901d
Bixa orellana	Annatto	Rocou	eb88cf6c-e4b0-43e5-91f5-b3760e850786
Bixa orellana	Arnatto	Rocou	eb88cf6c-e4b0-43e5-91f5-b3760e850786
Bixa orellana	Lipsticktree	Rocou	eb88cf6c-e4b0-43e5-91f5-b3760e850786
Bixa orellana	Rocou	Rocou	eb88cf6c-e4b0-43e5-91f5-b3760e850786
Borago officinalis	Beebread	Talewort	de19fd62-5387-4e90-be32-a002478c2147
Borago officinalis	Beeplant	Talewort	de19fd62-5387-4e90-be32-a002478c2147
Borago officinalis	Borage	Talewort	de19fd62-5387-4e90-be32-a002478c2147
Borago officinalis	Star-flower	Talewort	de19fd62-5387-4e90-be32-a002478c2147
Borago officinalis	Talewort	Talewort	de19fd62-5387-4e90-be32-a002478c2147
Brassica juncea	Indian mustard	Oriental mustard	a20a9b31-f756-4a5f-b6a6-a6ba657a71c3
Brassica juncea	Oriental mustard	Oriental mustard	a20a9b31-f756-4a5f-b6a6-a6ba657a71c3
Brassica oleracea	Colza	Seed- rape	"91044836-f290-4d53-b50b-f84a8f3cc1fd"
Brassica oleracea	Rape	Seed- rape	"91044836-f290-4d53-b50b-f84a8f3cc1fd"
Brassica oleracea	Rape seed	Seed- rape	"91044836-f290-4d53-b50b-f84a8f3cc1fd"
Brassica oleracea	Seed- rape	Seed- rape	"91044836-f290-4d53-b50b-f84a8f3cc1fd"
Brassica rapa	Rapini	Tyfon	"80e85b16-e0ab-4231-b07a-c103574920d3"
Brassica rapa	Seven-top turnip	Tyfon	"80e85b16-e0ab-4231-b07a-c103574920d3"
Brassica rapa	Turnip	Tyfon	"80e85b16-e0ab-4231-b07a-c103574920d3"
Brassica rapa	Tyfon	Tyfon	"80e85b16-e0ab-4231-b07a-c103574920d3"
Bupleurum chinense	Bei chai hu	Hare's-ear	"874947bb-fdf5-4f3d-aef0-b1f5f92106f6"
Bupleurum chinense	Bupleurum	Hare's-ear	"874947bb-fdf5-4f3d-aef0-b1f5f92106f6"
Bupleurum chinense	Chai hu	Hare's-ear	"874947bb-fdf5-4f3d-aef0-b1f5f92106f6"
Bupleurum chinense	Chinese thoroughwax	Hare's-ear	"874947bb-fdf5-4f3d-aef0-b1f5f92106f6"
Bupleurum chinense	Hare's-ear	Hare's-ear	"874947bb-fdf5-4f3d-aef0-b1f5f92106f6"
Calluna vulgaris	Common heather	Scots heather	ee84a244-e748-46dd-8606-0dd58c4c855b
Calluna vulgaris	Heather	Scots heather	ee84a244-e748-46dd-8606-0dd58c4c855b
Calluna vulgaris	Ling	Scots heather	ee84a244-e748-46dd-8606-0dd58c4c855b
Calluna vulgaris	Red-heath	Scots heather	ee84a244-e748-46dd-8606-0dd58c4c855b
Calluna vulgaris	Scotch heather	Scots heather	ee84a244-e748-46dd-8606-0dd58c4c855b
Calluna vulgaris	Scots heather	Scots heather	ee84a244-e748-46dd-8606-0dd58c4c855b
Camellia sinensis	Black tea	Green tea	e9698137-24da-46f8-a70e-43e27691491f
Camellia sinensis	Green tea	Green tea	e9698137-24da-46f8-a70e-43e27691491f
Camellia sinensis	Oolong tea	Green tea	e9698137-24da-46f8-a70e-43e27691491f
Camellia sinensis	Tea	Green tea	e9698137-24da-46f8-a70e-43e27691491f
Camellia sinensis	White Tea	Green tea	e9698137-24da-46f8-a70e-43e27691491f
Cannabis sativa	Cannibidiol	Hemp extract	f172ae99-9515-4bff-a8ed-4e68afad1b1d
Cannabis sativa	CBD	Hemp extract	f172ae99-9515-4bff-a8ed-4e68afad1b1d
Cannabis sativa	Da ma	Hemp extract	f172ae99-9515-4bff-a8ed-4e68afad1b1d
Cannabis sativa	Hemp	Hemp extract	f172ae99-9515-4bff-a8ed-4e68afad1b1d
Cannabis sativa	Hemp extract	Hemp extract	f172ae99-9515-4bff-a8ed-4e68afad1b1d
Cannabis sativa	Marijuana	Hemp extract	f172ae99-9515-4bff-a8ed-4e68afad1b1d
Capparis spinosa	Caper	Caperbush	"78c2e6a4-3c84-45d9-88b0-40b90feaf767"
Capparis spinosa	Caperbush	Caperbush	"78c2e6a4-3c84-45d9-88b0-40b90feaf767"
Capsella bursa	Shepherd's-purse	Shepherd's-purse	d7b8b8b8-8807-48c2-bac1-4ee0acb2206d
Castanea dentata	Americanchestnut	Americanchestnut	df7d2d71-a815-43d0-8e69-5c571c83688a
Castanea sativa	European chestnut	Sweet chestnut	c1e8fcf0-2265-4445-b2d6-60b31e3a4ea2
Castanea sativa	Sweet chestnut	Sweet chestnut	c1e8fcf0-2265-4445-b2d6-60b31e3a4ea2
Caulophyllum thalictroides	Blue cohosh	Squawroot	"852e9c60-681b-439e-a4f8-d05d8e5249ec"
Caulophyllum thalictroides	Caulophyllum	Squawroot	"852e9c60-681b-439e-a4f8-d05d8e5249ec"
Caulophyllum thalictroides	Papooseroott	Squawroot	"852e9c60-681b-439e-a4f8-d05d8e5249ec"
Caulophyllum thalictroides	Squawroot	Squawroot	"852e9c60-681b-439e-a4f8-d05d8e5249ec"
Centaurium erythraea	Centaury	Small centaury	"8aeb256f-62d0-4b48-9b2f-4d0d62909281"
Centaurium erythraea	Common centaury	Small centaury	"8aeb256f-62d0-4b48-9b2f-4d0d62909281"
Centaurium erythraea	European centaury	Small centaury	"8aeb256f-62d0-4b48-9b2f-4d0d62909281"
Centaurium erythraea	Small centaury	Small centaury	"8aeb256f-62d0-4b48-9b2f-4d0d62909281"
Ceratonia siliqua	Bread- St John's	St. John's-bread	b1e452d7-66de-4f5d-856a-1569bd6c9cf5
Ceratonia siliqua	Carob	St. John's-bread	b1e452d7-66de-4f5d-856a-1569bd6c9cf5
Ceratonia siliqua	Ceratonia	St. John's-bread	b1e452d7-66de-4f5d-856a-1569bd6c9cf5
Ceratonia siliqua	Locust-bean	St. John's-bread	b1e452d7-66de-4f5d-856a-1569bd6c9cf5
Ceratonia siliqua	St John's bread	St. John's-bread	b1e452d7-66de-4f5d-856a-1569bd6c9cf5
Ceratonia siliqua	St. John's-bread	St. John's-bread	b1e452d7-66de-4f5d-856a-1569bd6c9cf5
Chelidonium majus	Celandine	Swallowwort	"5003576d-7ae4-4a84-a6ea-34fc3a8c21f2"
Chelidonium majus	Great celandine	Swallowwort	"5003576d-7ae4-4a84-a6ea-34fc3a8c21f2"
Chelidonium majus	Greater celandine	Swallowwort	"5003576d-7ae4-4a84-a6ea-34fc3a8c21f2"
Chelidonium majus	Nipplewort	Swallowwort	"5003576d-7ae4-4a84-a6ea-34fc3a8c21f2"
Chelidonium majus	Swallowwort	Swallowwort	"5003576d-7ae4-4a84-a6ea-34fc3a8c21f2"
Chimaphila umbellata	Bitter wintergreen	Prince's-pine	fe7c3af9-3a3b-49f2-b922-43dcabda624b
Chimaphila umbellata	Ground ivy	Prince's-pine	fe7c3af9-3a3b-49f2-b922-43dcabda624b
Chimaphila umbellata	Pipsissewa	Prince's-pine	fe7c3af9-3a3b-49f2-b922-43dcabda624b
Chimaphila umbellata	Pipsissiwa	Prince's-pine	fe7c3af9-3a3b-49f2-b922-43dcabda624b
Chimaphila umbellata	Prince's-pine	Prince's-pine	fe7c3af9-3a3b-49f2-b922-43dcabda624b
Chionanthus virginicus	Fringetree	Poison-ash	"9d7449b7-d5d9-4e6c-a6eb-b1f222da8b3e"
Chionanthus virginicus	Old-man's-beard	Poison-ash	"9d7449b7-d5d9-4e6c-a6eb-b1f222da8b3e"
Chionanthus virginicus	Poison-ash	Poison-ash	"9d7449b7-d5d9-4e6c-a6eb-b1f222da8b3e"
Cichorium intybus	Belgium endive	Radicchio	e9f80dbc-f9b0-4919-b2dc-d3e8a67e8844
Cichorium intybus	Chicory	Radicchio	e9f80dbc-f9b0-4919-b2dc-d3e8a67e8844
Cichorium intybus	Radicchio	Radicchio	e9f80dbc-f9b0-4919-b2dc-d3e8a67e8844
Cinnamomum burmanni	Bataviacinnamon	Bataviacinnamon	eade8733-1819-4816-a05a-86d60639c181
Cinnamomum camphora	Camphor	Kuso-no-ki	e5667b3e-c315-49f1-9347-ae77b1f7df47
Cinnamomum camphora	Camphor laurel	Kuso-no-ki	e5667b3e-c315-49f1-9347-ae77b1f7df47
Cinnamomum camphora	Camphor tree	Kuso-no-ki	e5667b3e-c315-49f1-9347-ae77b1f7df47
Cinnamomum camphora	Camphortree	Kuso-no-ki	e5667b3e-c315-49f1-9347-ae77b1f7df47
Cinnamomum camphora	Japanese camphor	Kuso-no-ki	e5667b3e-c315-49f1-9347-ae77b1f7df47
Cinnamomum camphora	Kuso-no-ki	Kuso-no-ki	e5667b3e-c315-49f1-9347-ae77b1f7df47
Cinnamomum cassia	Cassia	Cinnamon	"9e19900a-c256-4161-a4cb-37967de32e4f"
Cinnamomum cassia	Cassia cinnamon	Cinnamon	"9e19900a-c256-4161-a4cb-37967de32e4f"
Cinnamomum cassia	Chinese cinnamon	Cinnamon	"9e19900a-c256-4161-a4cb-37967de32e4f"
Cinnamomum cassia	Chinese cinnamon tree	Cinnamon	"9e19900a-c256-4161-a4cb-37967de32e4f"
Cinnamomum cassia	Cinnamon	Cinnamon	"9e19900a-c256-4161-a4cb-37967de32e4f"
Cinnamomum cassia	Rou gui	Cinnamon	"9e19900a-c256-4161-a4cb-37967de32e4f"
Cinnamomum verum	Ceylon cinnamon	Cinnamon	"9d42816a-df2d-41f8-a728-c6955510a842"
Cinnamomum verum	Cinnamon	Cinnamon	"9d42816a-df2d-41f8-a728-c6955510a842"
Cinnamomum verum	True cinnamon	Cinnamon	"9d42816a-df2d-41f8-a728-c6955510a842"
Cinnamomum verum	Tvak	Cinnamon	"9d42816a-df2d-41f8-a728-c6955510a842"
Cistus creticus	Hairyrockrose	Hairyrockrose	"6ac9ceff-0dc5-4b76-a837-99113b023309"
Citrullus lanatus	Watermelon	Watermelon	e4202b00-592f-438c-8f14-9e0bfc321e3a
Citrus aurantium	Bitter orange	Suan cheng	ffc08e9b-fb49-4725-b08f-5b90cec86ec5
Citrus aurantium	Seville orange	Suan cheng	ffc08e9b-fb49-4725-b08f-5b90cec86ec5
Citrus aurantium	Suan cheng	Suan cheng	ffc08e9b-fb49-4725-b08f-5b90cec86ec5
Citrus reticulata	Ju	Tangerine	f08de32b-e9b0-451c-9cca-2792c2e699ca
Citrus reticulata	Mandarin orange	Tangerine	f08de32b-e9b0-451c-9cca-2792c2e699ca
Citrus reticulata	Tangerine	Tangerine	f08de32b-e9b0-451c-9cca-2792c2e699ca
Citrus sinensis	Blood orange	Valencia orange	fa359a58-4397-4b97-af26-db65997f7df3
Citrus sinensis	Navel orange	Valencia orange	fa359a58-4397-4b97-af26-db65997f7df3
Citrus sinensis	Red orange	Valencia orange	fa359a58-4397-4b97-af26-db65997f7df3
Citrus sinensis	Sweet orange	Valencia orange	fa359a58-4397-4b97-af26-db65997f7df3
Citrus sinensis	Tian cheng	Valencia orange	fa359a58-4397-4b97-af26-db65997f7df3
Citrus sinensis	Valencia orange	Valencia orange	fa359a58-4397-4b97-af26-db65997f7df3
Codonopsis pilosula	Bellflower	Dang shen	bfc46ca0-6dc4-4661-b408-2d473caa287f
Codonopsis pilosula	Dang shen	Dang shen	bfc46ca0-6dc4-4661-b408-2d473caa287f
Cola nitida	Bitter cola	Kola	"4e4cfcbe-4eee-4d9c-ae4a-37f711a44146"
Cola nitida	Gbanja kola	Kola	"4e4cfcbe-4eee-4d9c-ae4a-37f711a44146"
Cola nitida	Kola	Kola	"4e4cfcbe-4eee-4d9c-ae4a-37f711a44146"
Commiphora mukul	Guggul	Indian bdellium-tree	d9412417-1759-4dff-b538-21b9de52e0b5
Commiphora mukul	Gugul	Indian bdellium-tree	d9412417-1759-4dff-b538-21b9de52e0b5
Commiphora mukul	Indian bdellium-tree	Indian bdellium-tree	d9412417-1759-4dff-b538-21b9de52e0b5
Conyza canadensis	Butterweed	Canadian horseweed	a0c3317d-85ae-42f4-85b7-a1cefd48e103
Conyza canadensis	Canadian horseweed	Canadian horseweed	a0c3317d-85ae-42f4-85b7-a1cefd48e103
Coptis chinensis	Chinese goldthread	Huanglian	c8b0dced-200d-4043-b061-449a4eb11d4e
Coptis chinensis	Golden thread	Huanglian	c8b0dced-200d-4043-b061-449a4eb11d4e
Coptis chinensis	Huang lian	Huanglian	c8b0dced-200d-4043-b061-449a4eb11d4e
Coptis chinensis	Huanglian	Huanglian	c8b0dced-200d-4043-b061-449a4eb11d4e
Cordyceps militaris	Cordycepsmilitaris	Cordycepsmilitaris	b92bab33-24d8-48ac-ba55-096f777a6666
Coriandrum sativum	Chinese parsley	Parsley- Chinese	efe90f96-cced-42b9-b846-83a8a43fd452
Coriandrum sativum	Chinese-parsley	Parsley- Chinese	efe90f96-cced-42b9-b846-83a8a43fd452
Coriandrum sativum	Cilantro	Parsley- Chinese	efe90f96-cced-42b9-b846-83a8a43fd452
Coriandrum sativum	Coriander	Parsley- Chinese	efe90f96-cced-42b9-b846-83a8a43fd452
Coriandrum sativum	Parsley- Chinese	Parsley- Chinese	efe90f96-cced-42b9-b846-83a8a43fd452
Cornus officinalis	Asiatic cornelian cherry	Shan zhu yu	"925d414e-a63b-4599-a772-5303612b5f54"
Cornus officinalis	Asiatic dogwood	Shan zhu yu	"925d414e-a63b-4599-a772-5303612b5f54"
Cornus officinalis	Shan zhu yu	Shan zhu yu	"925d414e-a63b-4599-a772-5303612b5f54"
Corylus avellana	Cobnut	Hazelnut tree	fd33a9f8-7f47-4c4d-a6b0-e7b0e4524988
Corylus avellana	European filbert	Hazelnut tree	fd33a9f8-7f47-4c4d-a6b0-e7b0e4524988
Corylus avellana	European hazel	Hazelnut tree	fd33a9f8-7f47-4c4d-a6b0-e7b0e4524988
Corylus avellana	Giant filbert	Hazelnut tree	fd33a9f8-7f47-4c4d-a6b0-e7b0e4524988
Corylus avellana	Hazel	Hazelnut tree	fd33a9f8-7f47-4c4d-a6b0-e7b0e4524988
Corylus avellana	Hazelnut tree	Hazelnut tree	fd33a9f8-7f47-4c4d-a6b0-e7b0e4524988
Crataegus laevigata	English hawthorn	Woodland hawthorn	f3062263-d7a7-4986-9232-b83fcfa265da
Crataegus laevigata	Hawthorn	Woodland hawthorn	f3062263-d7a7-4986-9232-b83fcfa265da
Crataegus laevigata	Maytree	Woodland hawthorn	f3062263-d7a7-4986-9232-b83fcfa265da
Crataegus laevigata	Two-style hawthorn	Woodland hawthorn	f3062263-d7a7-4986-9232-b83fcfa265da
Crataegus laevigata	Whitethorn	Woodland hawthorn	f3062263-d7a7-4986-9232-b83fcfa265da
Crataegus laevigata	Woodland hawthorn	Woodland hawthorn	f3062263-d7a7-4986-9232-b83fcfa265da
Crataegus monogyna	Hawthorn	One-style hawthorn	"9fc7a2f5-a93a-40d6-b606-72edca12054d"
Crataegus monogyna	Oneseed hawthorn	One-style hawthorn	"9fc7a2f5-a93a-40d6-b606-72edca12054d"
Crataegus monogyna	One-style hawthorn	One-style hawthorn	"9fc7a2f5-a93a-40d6-b606-72edca12054d"
Crithmum maritimum	Rock samphire	Sea-fennel	"118a271b-b866-4bf6-8add-d0ddbdbf7a5c"
Crithmum maritimum	Sea-fennel	Sea-fennel	"118a271b-b866-4bf6-8add-d0ddbdbf7a5c"
Cuminum cyminum	Cumin	Cumin	"936a2873-b894-481b-b98d-255b4f3a1da0"
Curcuma longa	Common turmeric	Turmeric	b6f89b94-b46e-446e-9047-3a333a2bfb2c
Curcuma longa	Curcuma	Turmeric	b6f89b94-b46e-446e-9047-3a333a2bfb2c
Curcuma longa	Indian-saffron	Turmeric	b6f89b94-b46e-446e-9047-3a333a2bfb2c
Curcuma longa	Jianghuang	Turmeric	b6f89b94-b46e-446e-9047-3a333a2bfb2c
Curcuma longa	Turmeric	Turmeric	b6f89b94-b46e-446e-9047-3a333a2bfb2c
Curcuma longa	Yellow ginger	Turmeric	b6f89b94-b46e-446e-9047-3a333a2bfb2c
Curcuma zedoaria	Karcura	Karcura	eecc0e97-31fc-4e04-8617-73fe26d55f42
Cyperus rotundus	Coco-grass	Xiang fu zi	dcbb6363-de9f-4076-9ff7-a2263e02f24a
Cyperus rotundus	Nut-grass	Xiang fu zi	dcbb6363-de9f-4076-9ff7-a2263e02f24a
Cyperus rotundus	Nutgrass	Xiang fu zi	dcbb6363-de9f-4076-9ff7-a2263e02f24a
Cyperus rotundus	Nutgrass alingale	Xiang fu zi	dcbb6363-de9f-4076-9ff7-a2263e02f24a
Cyperus rotundus	Nut sedge	Xiang fu zi	dcbb6363-de9f-4076-9ff7-a2263e02f24a
Cyperus rotundus	Purple nut sedge	Xiang fu zi	dcbb6363-de9f-4076-9ff7-a2263e02f24a
Cyperus rotundus	Red nut sedge	Xiang fu zi	dcbb6363-de9f-4076-9ff7-a2263e02f24a
Cyperus rotundus	Suo cao	Xiang fu zi	dcbb6363-de9f-4076-9ff7-a2263e02f24a
Cyperus rotundus	Xiangfu	Xiang fu zi	dcbb6363-de9f-4076-9ff7-a2263e02f24a
Cyperus rotundus	Xiang fu zi	Xiang fu zi	dcbb6363-de9f-4076-9ff7-a2263e02f24a
Daucus carota	Carrot	Carrot	e2261402-3abc-4a46-b573-840f455b47f9
Dioscorea villosa	Chinaroot	Wild yam	b05d9207-eeff-4ba5-bb2f-fd779d47840b
Dioscorea villosa	Wild yam	Wild yam	b05d9207-eeff-4ba5-bb2f-fd779d47840b
Diospyros virginiana	Americanpersimmon	Americanpersimmon	df627325-7a26-4d4b-bb51-f24ee3b32ec9
Echinacea angustifolia	Black sampson	Echinacea	f1a1b69d-ff2d-4617-9309-c39a9150d6a4
Echinacea angustifolia	Black-sampson echinacea	Echinacea	f1a1b69d-ff2d-4617-9309-c39a9150d6a4
Echinacea angustifolia	Echinacea	Echinacea	f1a1b69d-ff2d-4617-9309-c39a9150d6a4
Echinacea angustifolia	Kansas snakeroot	Echinacea	f1a1b69d-ff2d-4617-9309-c39a9150d6a4
Echinacea angustifolia	Narrow-leaf coneflower	Echinacea	f1a1b69d-ff2d-4617-9309-c39a9150d6a4
Echinacea angustifolia	Narrow-leaf echinacea	Echinacea	f1a1b69d-ff2d-4617-9309-c39a9150d6a4
Echinacea angustifolia	Narrow-leaf purple-coneflower	Echinacea	f1a1b69d-ff2d-4617-9309-c39a9150d6a4
Echinacea purpurea	Eastern purple-coneflower	Echinacea	e16e7198-5f61-4e9f-99d9-8fcb27897ce6
Echinacea purpurea	Echinacea	Echinacea	e16e7198-5f61-4e9f-99d9-8fcb27897ce6
Echinacea purpurea	Purple-coneflower	Echinacea	e16e7198-5f61-4e9f-99d9-8fcb27897ce6
Eleutherococcus senticosus	Ci wu jia	Siberian ginseng	"75aeea4f-7cdd-4eff-accd-f3850b2632ab"
Eleutherococcus senticosus	Eleuthero	Siberian ginseng	"75aeea4f-7cdd-4eff-accd-f3850b2632ab"
Eleutherococcus senticosus	Siberian ginseng	Siberian ginseng	"75aeea4f-7cdd-4eff-accd-f3850b2632ab"
Elymus repens	Couchgrass	Couchgrass	db9c181d-a6db-426f-9663-868476245d7f
Emilia sonchifolia	Cupid's shaving-brush	Sow thistle	"4954d62d-011e-4a0c-a927-f05bc231c903"
Emilia sonchifolia	Emilia	Sow thistle	"4954d62d-011e-4a0c-a927-f05bc231c903"
Emilia sonchifolia	Sow thistle	Sow thistle	"4954d62d-011e-4a0c-a927-f05bc231c903"
Epimedium grandif	Barrenwort	Yin yang huo	"4275e8c1-c24a-4738-9297-109a4230445a"
Epimedium grandif	Horny goat weed	Yin yang huo	"4275e8c1-c24a-4738-9297-109a4230445a"
Epimedium grandif	Japanese epimedium	Yin yang huo	"4275e8c1-c24a-4738-9297-109a4230445a"
Epimedium grandif	Yin yang huo	Yin yang huo	"4275e8c1-c24a-4738-9297-109a4230445a"
Epimedium grandiflorum	Barrenwort	Yin yang huo	a30d00d3-c4d5-4405-a151-f4e1bd567613
Epimedium grandiflorum	Horny goat weed	Yin yang huo	a30d00d3-c4d5-4405-a151-f4e1bd567613
Epimedium grandiflorum	Japanese epimedium	Yin yang huo	a30d00d3-c4d5-4405-a151-f4e1bd567613
Epimedium grandiflorum	Yin yang huo	Yin yang huo	a30d00d3-c4d5-4405-a151-f4e1bd567613
Equisetum hyemale	Common scouring-rush	Mu zei	ccc91725-6e76-4b66-9617-54d15048bb68
Equisetum hyemale	Mu zei	Mu zei	ccc91725-6e76-4b66-9617-54d15048bb68
Eriobotrya japonica	Bibasse	Pi ba	"869e234a-70be-44f5-934f-5e56d5a7a5a2"
Eriobotrya japonica	Japanese-medlar	Pi ba	"869e234a-70be-44f5-934f-5e56d5a7a5a2"
Eriobotrya japonica	Loquat	Pi ba	"869e234a-70be-44f5-934f-5e56d5a7a5a2"
Eriobotrya japonica	Lukwart	Pi ba	"869e234a-70be-44f5-934f-5e56d5a7a5a2"
Eriobotrya japonica	Nispero	Pi ba	"869e234a-70be-44f5-934f-5e56d5a7a5a2"
Eriobotrya japonica	Pi ba	Pi ba	"869e234a-70be-44f5-934f-5e56d5a7a5a2"
Eriodictyon californicum	Mountain balm	Yerba-santa	c37a894b-482d-4539-9ca6-fb15691dd0ec
Eriodictyon californicum	Yerba-santa	Yerba-santa	c37a894b-482d-4539-9ca6-fb15691dd0ec
Eruca vesicaria	Arugula	Garden rock	"69900efe-9616-409a-acbb-0bbcb0d3a1d5"
Eruca vesicaria	Garden rock	Garden rock	"69900efe-9616-409a-acbb-0bbcb0d3a1d5"
Eschscholzia californica	California-poppy	California-poppy	dd908223-c4ab-4cba-b28c-d95f702580e5
Eupatorium purpureum	Gravelroot	Sweet joe-pye-weed	ffbab11d-c1dd-495a-a798-4307966ed55d
Eupatorium purpureum	Green-stem joe-pye-weed	Sweet joe-pye-weed	ffbab11d-c1dd-495a-a798-4307966ed55d
Eupatorium purpureum	Joe-pye	Sweet joe-pye-weed	ffbab11d-c1dd-495a-a798-4307966ed55d
Eupatorium purpureum	Joe-pye-weed	Sweet joe-pye-weed	ffbab11d-c1dd-495a-a798-4307966ed55d
Eupatorium purpureum	Marsh-milkweed	Sweet joe-pye-weed	ffbab11d-c1dd-495a-a798-4307966ed55d
Eupatorium purpureum	Queen-of-the-meadow	Sweet joe-pye-weed	ffbab11d-c1dd-495a-a798-4307966ed55d
Eupatorium purpureum	Sweet joe-pye-weed	Sweet joe-pye-weed	ffbab11d-c1dd-495a-a798-4307966ed55d
Euterpe oleracea	Acai	Cabbage palm	f8abb616-ed83-4372-ac76-32c0c248d6c3
Euterpe oleracea	Açai	Cabbage palm	f8abb616-ed83-4372-ac76-32c0c248d6c3
Euterpe oleracea	Assai palm	Cabbage palm	f8abb616-ed83-4372-ac76-32c0c248d6c3
Euterpe oleracea	Cabbage palm	Cabbage palm	f8abb616-ed83-4372-ac76-32c0c248d6c3
Ferula elaeochytris	Ferulaelaeochytris	Ferulaelaeochytris	"67b82257-75ee-4812-8217-797f44039117"
Ficus carica	Fig	Wu hua guo	e15ebfd8-8518-4ce4-bbd3-1f67d717800b
Ficus carica	Fig tree	Wu hua guo	e15ebfd8-8518-4ce4-bbd3-1f67d717800b
Ficus carica	Wu hua guo	Wu hua guo	e15ebfd8-8518-4ce4-bbd3-1f67d717800b
Filipendula ulmaria	Dropwort	Xuan guo wen zi cao	edd46339-7559-4cb0-a284-b28295fd39c6
Filipendula ulmaria	Meadowsweet	Xuan guo wen zi cao	edd46339-7559-4cb0-a284-b28295fd39c6
Filipendula ulmaria	Queen-of-the-meadow	Xuan guo wen zi cao	edd46339-7559-4cb0-a284-b28295fd39c6
Filipendula ulmaria	Xuan guo wen zi cao	Xuan guo wen zi cao	edd46339-7559-4cb0-a284-b28295fd39c6
Foeniculum vulgare	Fennel	Fennel	de14f261-12a8-4d6a-892b-5c4e9d3ca137
Foeniculum vulgare	Fenouil	Fennel	de14f261-12a8-4d6a-892b-5c4e9d3ca137
Fomes fomentarius	Fomesfomentarius	Fomesfomentarius	e218c936-4217-4199-bb3d-63095f5f9308
Frangula alnus	Alder buckthorn	Glossy buckthorn	"97f07f9c-1466-43f7-a85a-dc6048f2cb06"
Frangula alnus	Frangula	Glossy buckthorn	"97f07f9c-1466-43f7-a85a-dc6048f2cb06"
Frangula alnus	Glossy buckthorn	Glossy buckthorn	"97f07f9c-1466-43f7-a85a-dc6048f2cb06"
Fucus vesiculosus	Black tang	Seawrack	"557a6037-7d2c-4e82-8f52-27fdc685a62f"
Fucus vesiculosus	Bladder fucus	Seawrack	"557a6037-7d2c-4e82-8f52-27fdc685a62f"
Fucus vesiculosus	Kelpware	Seawrack	"557a6037-7d2c-4e82-8f52-27fdc685a62f"
Fucus vesiculosus	Seawrack	Seawrack	"557a6037-7d2c-4e82-8f52-27fdc685a62f"
Fumaria officinalis	Common fumitory	Wax-dolls	dabe11dc-bd31-4404-8b17-02f8ae98a88d
Fumaria officinalis	Fumitory	Wax-dolls	dabe11dc-bd31-4404-8b17-02f8ae98a88d
Fumaria officinalis	Wax-dolls	Wax-dolls	dabe11dc-bd31-4404-8b17-02f8ae98a88d
Galega officinalis	French lilac	Goat's-rue	"5b6698fb-f0a9-42da-9640-3eee04fea989"
Galega officinalis	Galega	Goat's-rue	"5b6698fb-f0a9-42da-9640-3eee04fea989"
Galega officinalis	Goat's-rue	Goat's-rue	"5b6698fb-f0a9-42da-9640-3eee04fea989"
Galium aparine	Catchweed bedstraw	Goose-grass	"48c9e87c-4a42-4806-93a6-bfeaac921d3b"
Galium aparine	Cleavers	Goose-grass	"48c9e87c-4a42-4806-93a6-bfeaac921d3b"
Galium aparine	Goose-grass	Goose-grass	"48c9e87c-4a42-4806-93a6-bfeaac921d3b"
Galium verum	Lady's bedstraw	Yellow bedstraw	e787d17e-6da3-42e0-a774-0edd8fff665c
Galium verum	Yellow bedstraw	Yellow bedstraw	e787d17e-6da3-42e0-a774-0edd8fff665c
Ganoderma lucidum	Ganoderma	Reishi	"5c90d261-7ac8-4c9d-a35c-d8bd43e97967"
Ganoderma lucidum	Ling zhi	Reishi	"5c90d261-7ac8-4c9d-a35c-d8bd43e97967"
Ganoderma lucidum	Reishi	Reishi	"5c90d261-7ac8-4c9d-a35c-d8bd43e97967"
Garcinia gummi	Malabartamarind	Malabartamarind	"8342667d-4d8b-4fb7-aa84-6931e02343a3"
Gentiana lutea	Bitterwort	Yellow gentian	d5ed972d-c9a6-445d-991c-f61708e61bf7
Gentiana lutea	Gentian	Yellow gentian	d5ed972d-c9a6-445d-991c-f61708e61bf7
Gentiana lutea	Gentian-root	Yellow gentian	d5ed972d-c9a6-445d-991c-f61708e61bf7
Gentiana lutea	Yellow gentian	Yellow gentian	d5ed972d-c9a6-445d-991c-f61708e61bf7
Geranium maculatum	Cranesbill	Wild geranium	ee4f7b73-fbda-4199-9d63-dd2d1ec4ed74
Geranium maculatum	Spotted geranium	Wild geranium	ee4f7b73-fbda-4199-9d63-dd2d1ec4ed74
Geranium maculatum	Wild geranium	Wild geranium	ee4f7b73-fbda-4199-9d63-dd2d1ec4ed74
Ginkgo biloba	Baiguo	Ginkgo	e18c5c3f-01d6-4060-a11c-99f4ae7ad0ae
Ginkgo biloba	Ginkgo	Ginkgo	e18c5c3f-01d6-4060-a11c-99f4ae7ad0ae
Ginkgo biloba	Ginkgo biloba	Ginkgo	e18c5c3f-01d6-4060-a11c-99f4ae7ad0ae
Ginkgo biloba	Icho	Ginkgo	e18c5c3f-01d6-4060-a11c-99f4ae7ad0ae
Ginkgo biloba	Maidenhair-tree	Ginkgo	e18c5c3f-01d6-4060-a11c-99f4ae7ad0ae
Glycine max	Black soya bean	Soybean	"9ed394c1-cdd0-4a0f-8e0c-d163dfd1df37"
Glycine max	Da dou	Soybean	"9ed394c1-cdd0-4a0f-8e0c-d163dfd1df37"
Glycine max	Soy	Soybean	"9ed394c1-cdd0-4a0f-8e0c-d163dfd1df37"
Glycine max	Soya	Soybean	"9ed394c1-cdd0-4a0f-8e0c-d163dfd1df37"
Glycine max	Soyabean	Soybean	"9ed394c1-cdd0-4a0f-8e0c-d163dfd1df37"
Glycine max	Soybean	Soybean	"9ed394c1-cdd0-4a0f-8e0c-d163dfd1df37"
Glycyrrhiza glabra	Guang guo gan cao	Liquorice	ffb21b4e-ae7e-41d5-97b3-3656d1353dc3
Glycyrrhiza glabra	Licorice	Liquorice	ffb21b4e-ae7e-41d5-97b3-3656d1353dc3
Glycyrrhiza glabra	Liquorice	Liquorice	ffb21b4e-ae7e-41d5-97b3-3656d1353dc3
Glycyrrhiza inflata	Licorice	Zhangguogancao	"59eda220-bbb5-4dc0-b57a-d010a4222c03"
Glycyrrhiza inflata	Zhangguogancao	Zhangguogancao	"59eda220-bbb5-4dc0-b57a-d010a4222c03"
Glycyrrhiza uralensis	Chinese licorice	Licorice	dc6f848b-18bb-4620-81b1-b2af39721bd9
Glycyrrhiza uralensis	Gan cao	Licorice	dc6f848b-18bb-4620-81b1-b2af39721bd9
Glycyrrhiza uralensis	Licorice	Licorice	dc6f848b-18bb-4620-81b1-b2af39721bd9
Gymnema sylvestre	Gymnema	Miracle-fruit	c64ed9bf-d1cd-4b33-a4ea-cf7ad3646e9b
Gymnema sylvestre	Miracle-fruit	Miracle-fruit	c64ed9bf-d1cd-4b33-a4ea-cf7ad3646e9b
Hamamelis virginiana	Hamamelis	Witch-hazel	e0c94aee-eb54-4f7b-bc4f-835c8e04c1fc
Hamamelis virginiana	Spotted alder	Witch-hazel	e0c94aee-eb54-4f7b-bc4f-835c8e04c1fc
Hamamelis virginiana	Winter bloom	Witch-hazel	e0c94aee-eb54-4f7b-bc4f-835c8e04c1fc
Hamamelis virginiana	Witchazel	Witch-hazel	e0c94aee-eb54-4f7b-bc4f-835c8e04c1fc
Hamamelis virginiana	Witch-hazel	Witch-hazel	e0c94aee-eb54-4f7b-bc4f-835c8e04c1fc
Handroanthus heptaphyllus	Ipe roxo	Pau d'Arco	"7ab93255-502b-46df-b110-6222b12581f5"
Handroanthus heptaphyllus	Lapacho	Pau d'Arco	"7ab93255-502b-46df-b110-6222b12581f5"
Handroanthus heptaphyllus	Lapacho negro	Pau d'Arco	"7ab93255-502b-46df-b110-6222b12581f5"
Handroanthus heptaphyllus	Pau d'Arco	Pau d'Arco	"7ab93255-502b-46df-b110-6222b12581f5"
Harpagophytum procumbens	Devil's-claw	Wood spider	d64eef7f-b23c-4ab9-a67d-dcdcabb309a6
Harpagophytum procumbens	Grapple plant	Wood spider	d64eef7f-b23c-4ab9-a67d-dcdcabb309a6
Harpagophytum procumbens	Wood spider	Wood spider	d64eef7f-b23c-4ab9-a67d-dcdcabb309a6
Hedera helix	Engelse hedera	Ivy leaf	fe3790ac-5de8-46d1-8798-9eb40d6f3d78
Hedera helix	English ivy	Ivy leaf	fe3790ac-5de8-46d1-8798-9eb40d6f3d78
Hedera helix	Ivy leaf	Ivy leaf	fe3790ac-5de8-46d1-8798-9eb40d6f3d78
Helichrysum arenarium	Everlasting	Yellow chasteweed	ea42492c-f972-491f-b484-438564bf5f25
Helichrysum arenarium	Immortelle	Yellow chasteweed	ea42492c-f972-491f-b484-438564bf5f25
Helichrysum arenarium	Sandy everlasting	Yellow chasteweed	ea42492c-f972-491f-b484-438564bf5f25
Helichrysum arenarium	Yellow chasteweed	Yellow chasteweed	ea42492c-f972-491f-b484-438564bf5f25
Hordeum vulgare	Barley grass	Barley grass	dad73bc4-e23c-4b25-8bf8-0da4ca225878
Hordeum vulgare	Da mai	Barley grass	dad73bc4-e23c-4b25-8bf8-0da4ca225878
Hydrastis canadensis	Goldenseal	Yellow root	acd31728-eac3-4005-a80f-aae4689f9eab
Hydrastis canadensis	Orangeroot	Yellow root	acd31728-eac3-4005-a80f-aae4689f9eab
Hydrastis canadensis	Yellow-puccoon	Yellow root	acd31728-eac3-4005-a80f-aae4689f9eab
Hydrastis canadensis	Yellow root	Yellow root	acd31728-eac3-4005-a80f-aae4689f9eab
Hypericum perforatum	Hypericum	St. John's-wort	aa66e5ac-8acc-4150-82c4-c82767b6934a
Hypericum perforatum	St. John's wort	St. John's-wort	aa66e5ac-8acc-4150-82c4-c82767b6934a
Hypericum perforatum	St. John's-wort	St. John's-wort	aa66e5ac-8acc-4150-82c4-c82767b6934a
Hyssopus officinalis	Hyssop	Hyssop	d4277863-f862-4a77-b15f-5b1be6192922
Ilex paraguariensis	Brazilian tea	Yerba mate	e2bde633-658c-4da6-9ea7-133429ee60c6
Ilex paraguariensis	Mate	Yerba mate	e2bde633-658c-4da6-9ea7-133429ee60c6
Ilex paraguariensis	Paraguayan tea	Yerba mate	e2bde633-658c-4da6-9ea7-133429ee60c6
Ilex paraguariensis	Paraguay tea	Yerba mate	e2bde633-658c-4da6-9ea7-133429ee60c6
Ilex paraguariensis	St Bartholomew's tea	Yerba mate	e2bde633-658c-4da6-9ea7-133429ee60c6
Ilex paraguariensis	Yerba mate	Yerba mate	e2bde633-658c-4da6-9ea7-133429ee60c6
Inonotus obliquus	Chaga	Chaga	"91501f1d-e962-4542-ac9d-8edadc61b0ae"
Inula helenium	Elecampane	Velvet-dock	f19c8b7d-3410-4aa5-9eaf-fe8402abd966
Inula helenium	Tu mu xiang	Velvet-dock	f19c8b7d-3410-4aa5-9eaf-fe8402abd966
Inula helenium	Velvet-dock	Velvet-dock	f19c8b7d-3410-4aa5-9eaf-fe8402abd966
Juglans nigra	Blackwalnut	Blackwalnut	fe582a84-33e9-436a-a5e9-739a218ecf7b
Juglans regia	Walnut	Walnut	f1b59a24-97ab-4aaa-978b-58630c926d4d
Juncus effusus	Common rush	Soft rush	da3bd8f7-009c-4b1f-81f1-f73323764b04
Juncus effusus	Deng xin cao	Soft rush	da3bd8f7-009c-4b1f-81f1-f73323764b04
Juncus effusus	Soft rush	Soft rush	da3bd8f7-009c-4b1f-81f1-f73323764b04
Juniperus communis	Common juniper	Juniper	b3f2c220-463d-42ef-b08e-29c5b80af0c7
Juniperus communis	Juniper	Juniper	b3f2c220-463d-42ef-b08e-29c5b80af0c7
Juniperus oxycedrus	Cade juniper	Red-berry juniper	cfc3607f-bcce-4da5-ab27-99675286fb72
Juniperus oxycedrus	Prickly juniper	Red-berry juniper	cfc3607f-bcce-4da5-ab27-99675286fb72
Juniperus oxycedrus	Red-berry juniper	Red-berry juniper	cfc3607f-bcce-4da5-ab27-99675286fb72
Juniperus virginiana	Eastern red-cedar	Rooisede	feea91c8-a52c-4f17-aa92-8d5d07ba3213
Juniperus virginiana	Pencil-cedar	Rooisede	feea91c8-a52c-4f17-aa92-8d5d07ba3213
Juniperus virginiana	Potloodseder	Rooisede	feea91c8-a52c-4f17-aa92-8d5d07ba3213
Juniperus virginiana	Red-cedar	Rooisede	feea91c8-a52c-4f17-aa92-8d5d07ba3213
Juniperus virginiana	Red juniper	Rooisede	feea91c8-a52c-4f17-aa92-8d5d07ba3213
Juniperus virginiana	Rooisede	Rooisede	feea91c8-a52c-4f17-aa92-8d5d07ba3213
Leonurus cardiaca	Common motherwort	Motherwort	"2f85be14-c057-43b8-a21e-ca915d2992d5"
Leonurus cardiaca	Motherwort	Motherwort	"2f85be14-c057-43b8-a21e-ca915d2992d5"
Lepidium	Du xing cai	Pepperweed	f62efd68-5190-4d1c-8d86-2445c07ab21d
Lepidium	Pepperweed	Pepperweed	f62efd68-5190-4d1c-8d86-2445c07ab21d
Lepidium meyenii	Maca	Maca	"407be41d-4453-4d11-9068-b6a71f8a43b3"
Lepidium meyenii	Peruvian-ginseng	Maca	"407be41d-4453-4d11-9068-b6a71f8a43b3"
Levisticum officinale	Lovage	Lovage	fde07618-98de-4d01-be09-7a02233dfb20
Lilium candidum	Madonna lily	White lily	"638e28f6-f367-49c1-87c1-41c9abc34545"
Lilium candidum	White lily	White lily	"638e28f6-f367-49c1-87c1-41c9abc34545"
Linum usitatissimum	Flax	Flax seed	e822459e-ce9f-431f-bdae-8441a1be2ef4
Linum usitatissimum	Flax seed	Flax seed	e822459e-ce9f-431f-bdae-8441a1be2ef4
Linum usitatissimum	Flaxseed	Flax seed	e822459e-ce9f-431f-bdae-8441a1be2ef4
Linum usitatissimum	Linseed	Flax seed	e822459e-ce9f-431f-bdae-8441a1be2ef4
Liquidambar styraciflua	Alligatorwood	Sweet-gum	d11fc858-150f-4cdb-a66d-71c33152c783
Liquidambar styraciflua	American-storax	Sweet-gum	d11fc858-150f-4cdb-a66d-71c33152c783
Liquidambar styraciflua	Red-gum	Sweet-gum	d11fc858-150f-4cdb-a66d-71c33152c783
Liquidambar styraciflua	Satin-walnut	Sweet-gum	d11fc858-150f-4cdb-a66d-71c33152c783
Liquidambar styraciflua	Sweet-gum	Sweet-gum	d11fc858-150f-4cdb-a66d-71c33152c783
Lobaria pulmonaria	Lung lichen	Lungmoss	e018ec27-1dfa-4ae7-9585-8490580e395d
Lobaria pulmonaria	Lungmoss	Lungmoss	e018ec27-1dfa-4ae7-9585-8490580e395d
Lonicera japonica	Japanese honeysuckle	Rendongteng	efed757f-f23c-4a2c-9df5-752f34797d2b
Lonicera japonica	Jin yin hua	Rendongteng	efed757f-f23c-4a2c-9df5-752f34797d2b
Lonicera japonica	Ren dong	Rendongteng	efed757f-f23c-4a2c-9df5-752f34797d2b
Lonicera japonica	Rendongteng	Rendongteng	efed757f-f23c-4a2c-9df5-752f34797d2b
Lycium barbarum	Barbary matrimony-vine	Goji berry	efb4f279-dda3-4160-8193-15b47b496ea2
Lycium barbarum	Barbary wolfberry	Goji berry	efb4f279-dda3-4160-8193-15b47b496ea2
Lycium barbarum	Chinese wolfberry	Goji berry	efb4f279-dda3-4160-8193-15b47b496ea2
Lycium barbarum	Goji berry	Goji berry	efb4f279-dda3-4160-8193-15b47b496ea2
Lycium barbarum	Matrimony-vine	Goji berry	efb4f279-dda3-4160-8193-15b47b496ea2
Lycium barbarum	Ning xia gou qi	Goji berry	efb4f279-dda3-4160-8193-15b47b496ea2
Lycopus americanus	Americanbugleweed	Americanbugleweed	"9e728096-2b0e-4dcf-8f91-4eb900a2c3dd"
Magnolia grandiflora	Bull bay	Southern magnolia	f38671e8-7a62-4ff4-82e9-bbcbf463d865
Magnolia grandiflora	Laurier tulipier	Southern magnolia	f38671e8-7a62-4ff4-82e9-bbcbf463d865
Magnolia grandiflora	Southern magnolia	Southern magnolia	f38671e8-7a62-4ff4-82e9-bbcbf463d865
Magnolia officinalis	Hou po	Magnolia-bark	c0e10260-f30e-4cb4-824f-b433d668fa95
Magnolia officinalis	Magnolia-bark	Magnolia-bark	c0e10260-f30e-4cb4-824f-b433d668fa95
Magnolia virginiana	Sweetbay	Sweetbay	"9eaad654-54a7-4f43-9d5e-b8c1d7aa195d"
Malva sylvestris	Blue mallow	Tall mallow	f26da886-e9da-429f-a253-1463833ac507
Malva sylvestris	Cheeses	Tall mallow	f26da886-e9da-429f-a253-1463833ac507
Malva sylvestris	Common mallow	Tall mallow	f26da886-e9da-429f-a253-1463833ac507
Malva sylvestris	High mallow	Tall mallow	f26da886-e9da-429f-a253-1463833ac507
Malva sylvestris	Tall mallow	Tall mallow	f26da886-e9da-429f-a253-1463833ac507
Marrubium vulgare	Horehound	Horehound	e4dfd494-ca9e-4c0a-8c32-b2abba021555
Marrubium vulgare	White horehound	Horehound	e4dfd494-ca9e-4c0a-8c32-b2abba021555
Matricaria chamomilla	Blue chamomile	Chamomile	fe7ebc69-1daa-4a4c-987d-5b25326db35a
Matricaria chamomilla	Chamomile	Chamomile	fe7ebc69-1daa-4a4c-987d-5b25326db35a
Matricaria chamomilla	Common chamomile	Chamomile	fe7ebc69-1daa-4a4c-987d-5b25326db35a
Matricaria chamomilla	German chamomile	Chamomile	fe7ebc69-1daa-4a4c-987d-5b25326db35a
Matricaria chamomilla	Hungarian chamomile	Chamomile	fe7ebc69-1daa-4a4c-987d-5b25326db35a
Matricaria chamomilla	Matricaria	Chamomile	fe7ebc69-1daa-4a4c-987d-5b25326db35a
Matricaria chamomilla	Scented chamomile	Chamomile	fe7ebc69-1daa-4a4c-987d-5b25326db35a
Matricaria chamomilla	Scented mayweed	Chamomile	fe7ebc69-1daa-4a4c-987d-5b25326db35a
Matricaria chamomilla	Sweet false chamomile	Chamomile	fe7ebc69-1daa-4a4c-987d-5b25326db35a
Matricaria chamomilla	True chamomile	Chamomile	fe7ebc69-1daa-4a4c-987d-5b25326db35a
Matricaria chamomilla	Wild chamomile	Chamomile	fe7ebc69-1daa-4a4c-987d-5b25326db35a
Medicago polymorpha	Bur medic	Toothed medic	ffa0a297-d754-4500-b343-69a5d4a333bb
Medicago polymorpha	California bur-clover	Toothed medic	ffa0a297-d754-4500-b343-69a5d4a333bb
Medicago polymorpha	Hairy medic	Toothed medic	ffa0a297-d754-4500-b343-69a5d4a333bb
Medicago polymorpha	Toothed bur-clover	Toothed medic	ffa0a297-d754-4500-b343-69a5d4a333bb
Medicago polymorpha	Toothed medic	Toothed medic	ffa0a297-d754-4500-b343-69a5d4a333bb
Melia azedarach	Chinaberry	Szechwan chinaberry	c95326cd-f73c-4f40-a30a-ea21d72a3e5b
Melia azedarach	Lian	Szechwan chinaberry	c95326cd-f73c-4f40-a30a-ea21d72a3e5b
Melia azedarach	Persian lilac	Szechwan chinaberry	c95326cd-f73c-4f40-a30a-ea21d72a3e5b
Melia azedarach	Sichuan pagoda-tree	Szechwan chinaberry	c95326cd-f73c-4f40-a30a-ea21d72a3e5b
Melia azedarach	Szechwan chinaberry	Szechwan chinaberry	c95326cd-f73c-4f40-a30a-ea21d72a3e5b
Melissa officinalis	Balm	Melissa	fed54d4e-8230-4fe1-a186-0917121bab30
Melissa officinalis	Bee balm	Melissa	fed54d4e-8230-4fe1-a186-0917121bab30
Melissa officinalis	Lemon balm	Melissa	fed54d4e-8230-4fe1-a186-0917121bab30
Melissa officinalis	Melissa	Melissa	fed54d4e-8230-4fe1-a186-0917121bab30
Mentha pulegium	European pennyroyal	Squawmint Tickweed	"56019be3-b9ed-429b-8086-1cc71a3d44bc"
Mentha pulegium	Lurk-in-the-Ditch	Squawmint Tickweed	"56019be3-b9ed-429b-8086-1cc71a3d44bc"
Mentha pulegium	Mosquito plant	Squawmint Tickweed	"56019be3-b9ed-429b-8086-1cc71a3d44bc"
Mentha pulegium	Pennyroyal	Squawmint Tickweed	"56019be3-b9ed-429b-8086-1cc71a3d44bc"
Mentha pulegium	Pudding Grass	Squawmint Tickweed	"56019be3-b9ed-429b-8086-1cc71a3d44bc"
Mentha pulegium	Pulegium	Squawmint Tickweed	"56019be3-b9ed-429b-8086-1cc71a3d44bc"
Mentha pulegium	Run-by-the-Ground	Squawmint Tickweed	"56019be3-b9ed-429b-8086-1cc71a3d44bc"
Mentha pulegium	Squaw Balm	Squawmint Tickweed	"56019be3-b9ed-429b-8086-1cc71a3d44bc"
Mentha pulegium	Squawmint Tickweed	Squawmint Tickweed	"56019be3-b9ed-429b-8086-1cc71a3d44bc"
Mentha spicata	Curled mint	Spearmint	c40a72c5-2ac8-4282-b045-6b0ded2ca763
Mentha spicata	Spearmint	Spearmint	c40a72c5-2ac8-4282-b045-6b0ded2ca763
Mimosa pudica	Han xiu cao	Touch-me-not	e6ca86ad-1cee-44d4-a69a-ab620d4e4d58
Mimosa pudica	Sensitive-plant	Touch-me-not	e6ca86ad-1cee-44d4-a69a-ab620d4e4d58
Mimosa pudica	Touch-me-not	Touch-me-not	e6ca86ad-1cee-44d4-a69a-ab620d4e4d58
Mitchella repens	Partridge-berry	Squawvine	e3fc751c-2f24-4299-b4d9-34ebded7a9ca
Mitchella repens	Squawvine	Squawvine	e3fc751c-2f24-4299-b4d9-34ebded7a9ca
Mitragyna speciosa	Kratom	Kratom	dac1ac7a-f1bb-42d7-ab9c-0bf06d0d9825
Mitragyna speciosa	Kratum	Kratom	dac1ac7a-f1bb-42d7-ab9c-0bf06d0d9825
Momordica charantia	Balsam-apple	Carilla gourd	"8dd1a8c8-8a99-4415-838b-0b0f7858296a"
Momordica charantia	Balsam-pear	Carilla gourd	"8dd1a8c8-8a99-4415-838b-0b0f7858296a"
Momordica charantia	Bitter-cucumber	Carilla gourd	"8dd1a8c8-8a99-4415-838b-0b0f7858296a"
Momordica charantia	Bitter gourd	Carilla gourd	"8dd1a8c8-8a99-4415-838b-0b0f7858296a"
Momordica charantia	Bitter melon	Carilla gourd	"8dd1a8c8-8a99-4415-838b-0b0f7858296a"
Momordica charantia	Carilla gourd	Carilla gourd	"8dd1a8c8-8a99-4415-838b-0b0f7858296a"
Morella cerifera	Bayberry	Wax-myrtle	a6e67939-8666-45f6-a35b-7bc817b10aa3
Morella cerifera	Candleberry	Wax-myrtle	a6e67939-8666-45f6-a35b-7bc817b10aa3
Morella cerifera	Southern bayberry	Wax-myrtle	a6e67939-8666-45f6-a35b-7bc817b10aa3
Morella cerifera	Southern wax-myrtle	Wax-myrtle	a6e67939-8666-45f6-a35b-7bc817b10aa3
Morella cerifera	Waxberry	Wax-myrtle	a6e67939-8666-45f6-a35b-7bc817b10aa3
Morella cerifera	Wax-myrtle	Wax-myrtle	a6e67939-8666-45f6-a35b-7bc817b10aa3
Morinda citrifolia	Indian-mulberry	Rotten cheesefruit	df483c53-b6ac-4573-8feb-219f29884259
Morinda citrifolia	Noni	Rotten cheesefruit	df483c53-b6ac-4573-8feb-219f29884259
Morinda citrifolia	Rotten cheesefruit	Rotten cheesefruit	df483c53-b6ac-4573-8feb-219f29884259
Moringa oleifera	Ben-oil-tree	Moringa	dcf85789-1e64-4c06-aa02-6d8f12cd2fdb
Moringa oleifera	Benzolive-tree	Moringa	dcf85789-1e64-4c06-aa02-6d8f12cd2fdb
Moringa oleifera	Drumsticktree	Moringa	dcf85789-1e64-4c06-aa02-6d8f12cd2fdb
Moringa oleifera	Horseradish-tree	Moringa	dcf85789-1e64-4c06-aa02-6d8f12cd2fdb
Moringa oleifera	Malunggay	Moringa	dcf85789-1e64-4c06-aa02-6d8f12cd2fdb
Moringa oleifera	Moringa	Moringa	dcf85789-1e64-4c06-aa02-6d8f12cd2fdb
Moringa oleifera	West Indian ben	Moringa	dcf85789-1e64-4c06-aa02-6d8f12cd2fdb
Myrtus communis	Myrtle	Myrtle	df456ef4-a4e6-43f9-8417-99b91c7d80c5
Nepeta cataria	Catmint	Field balm	bb48b173-75d5-43d8-8f72-ac3d50474150
Nepeta cataria	Catnep	Field balm	bb48b173-75d5-43d8-8f72-ac3d50474150
Nepeta cataria	Catnip	Field balm	bb48b173-75d5-43d8-8f72-ac3d50474150
Nepeta cataria	Catswort	Field balm	bb48b173-75d5-43d8-8f72-ac3d50474150
Nepeta cataria	Field balm	Field balm	bb48b173-75d5-43d8-8f72-ac3d50474150
Nerium oleander	Oleander	Rose laurel	e9b69aef-ba00-43ae-b45e-f80688a2dd22
Nerium oleander	Rose laurel	Rose laurel	e9b69aef-ba00-43ae-b45e-f80688a2dd22
Neurolaena lobata	Gavilana	Jackass bitters	"861fac54-4f20-4bd0-9ada-06846ebd08b0"
Neurolaena lobata	Jackass bitters	Jackass bitters	"861fac54-4f20-4bd0-9ada-06846ebd08b0"
Notopterygium incisum	Notopterygium	Qiang huo	"8fa0f8c7-c0e6-4a9c-898a-e1072f25a296"
Notopterygium incisum	Qiang huo	Qiang huo	"8fa0f8c7-c0e6-4a9c-898a-e1072f25a296"
Nymphaea odorata	Sweetwaterlily	Sweetwaterlily	d07ff073-041e-4507-8c4a-b58ccfd71d31
Ocimum tenuiflorum	Holy basil	Tulsi	d1641edd-ebaa-4ea9-a2ab-a5c801d8c7ae
Ocimum tenuiflorum	Rama tulsi	Tulsi	d1641edd-ebaa-4ea9-a2ab-a5c801d8c7ae
Ocimum tenuiflorum	Sacred basil	Tulsi	d1641edd-ebaa-4ea9-a2ab-a5c801d8c7ae
Ocimum tenuiflorum	Tulsi	Tulsi	d1641edd-ebaa-4ea9-a2ab-a5c801d8c7ae
Olea europaea	Olive	Olive tree	f4b1733a-f50f-45c6-aa2e-14909c1a4875
Olea europaea	Olive-leaf	Olive tree	f4b1733a-f50f-45c6-aa2e-14909c1a4875
Olea europaea	Olive tree	Olive tree	f4b1733a-f50f-45c6-aa2e-14909c1a4875
Ononis spinosa	Ononis	Spring restharrow	d53e9503-4533-402f-83da-fd29f30806e9
Ononis spinosa	Restharrow	Spring restharrow	d53e9503-4533-402f-83da-fd29f30806e9
Ononis spinosa	Spiny restharrow	Spring restharrow	d53e9503-4533-402f-83da-fd29f30806e9
Ononis spinosa	Spring restharrow	Spring restharrow	d53e9503-4533-402f-83da-fd29f30806e9
Oplopanax horridus	Devil's-club	Devil's-club	ff5632fb-7d87-4f81-9915-070f052badc1
Origanum compactum	Moroccanoregano	Moroccanoregano	db30326c-4277-4276-85ac-a07f21081cb2
Origanum majorana	Marjoram	Sweet marjoram	f9626884-5f15-4dd0-a858-c57b2908481a
Origanum majorana	Sweet marjoram	Sweet marjoram	f9626884-5f15-4dd0-a858-c57b2908481a
Origanum syriacum	Biblical hyssop	Syrian oregano	"67c1d5cf-6bca-4498-9d1a-40a42b25cf37"
Origanum syriacum	Lebanese oregano	Syrian oregano	"67c1d5cf-6bca-4498-9d1a-40a42b25cf37"
Origanum syriacum	Syrian oregano	Syrian oregano	"67c1d5cf-6bca-4498-9d1a-40a42b25cf37"
Origanum vulgare	Common Oregano	Oregano	db30326c-4277-4276-85ac-a07f21081cb2
Origanum vulgare	Oregano	Oregano	db30326c-4277-4276-85ac-a07f21081cb2
Panax ginseng	Asian ginseng	Panax ginseng	f2c9c3cc-27ba-43fd-b955-107f39ffa718
Panax ginseng	Chinese ginseng	Panax ginseng	f2c9c3cc-27ba-43fd-b955-107f39ffa718
Panax ginseng	Hong shen	Panax ginseng	f2c9c3cc-27ba-43fd-b955-107f39ffa718
Panax ginseng	Korean ginseng	Panax ginseng	f2c9c3cc-27ba-43fd-b955-107f39ffa718
Panax ginseng	Korean red ginseng	Panax ginseng	f2c9c3cc-27ba-43fd-b955-107f39ffa718
Panax ginseng	Oriental ginseng	Panax ginseng	f2c9c3cc-27ba-43fd-b955-107f39ffa718
Panax ginseng	Panax ginseng	Panax ginseng	f2c9c3cc-27ba-43fd-b955-107f39ffa718
Panax ginseng	Red ginseng	Panax ginseng	f2c9c3cc-27ba-43fd-b955-107f39ffa718
Panax ginseng	Ren shen	Panax ginseng	f2c9c3cc-27ba-43fd-b955-107f39ffa718
Papaver rhoeas	Corn poppy	Shirley poppy	fc6ba6e4-306c-4d44-af85-b7ff7c015bbd
Papaver rhoeas	Field poppy	Shirley poppy	fc6ba6e4-306c-4d44-af85-b7ff7c015bbd
Papaver rhoeas	Flanders poppy	Shirley poppy	fc6ba6e4-306c-4d44-af85-b7ff7c015bbd
Papaver rhoeas	Shirley poppy	Shirley poppy	fc6ba6e4-306c-4d44-af85-b7ff7c015bbd
Parietaria judaica	Pellitory-of-the-wall	Spreading pellitory	"818b10e8-823d-484b-897f-70424e2b0079"
Parietaria judaica	Spreading pellitory	Spreading pellitory	"818b10e8-823d-484b-897f-70424e2b0079"
Passiflora edulis	Purplegranadilla	Purplegranadilla	ceda3ac0-6431-4052-8de2-9c5d1b749734
Paullinia cupana	Guarana	Guarana	"4f90b2cf-b642-497d-8d17-6b29e70198f7"
Pausinystalia johimbe	Yohimbe	Yohimbe	e8835248-5782-4608-be03-ef8e9098bfe9
Petroselinum crispum	Parsley	Parsley	ef3fc429-75a3-4691-9ccb-66715060dce8
Peumus boldus	Boldo	Boldu	"79025986-5bac-4074-8dcb-bc15ed64901d"
Peumus boldus	Boldo tree	Boldu	"79025986-5bac-4074-8dcb-bc15ed64901d"
Peumus boldus	Boldu	Boldu	"79025986-5bac-4074-8dcb-bc15ed64901d"
Phyllanthus amarus	Phyllanthusamarus	Phyllanthusamarus	"94a3e331-0147-4fc8-8d48-17657b3217e4"
Phytolacca americana	Chui xu shang lu	Virginia poke	e67d04a1-71e4-4daf-8d5d-7447ebf10138
Phytolacca americana	Pigeonberry	Virginia poke	e67d04a1-71e4-4daf-8d5d-7447ebf10138
Phytolacca americana	Poke	Virginia poke	e67d04a1-71e4-4daf-8d5d-7447ebf10138
Phytolacca americana	Pokeberry	Virginia poke	e67d04a1-71e4-4daf-8d5d-7447ebf10138
Phytolacca americana	Pokeroot	Virginia poke	e67d04a1-71e4-4daf-8d5d-7447ebf10138
Phytolacca americana	Pokeweed	Virginia poke	e67d04a1-71e4-4daf-8d5d-7447ebf10138
Phytolacca americana	Virginia poke	Virginia poke	e67d04a1-71e4-4daf-8d5d-7447ebf10138
Pinus mugo	Dwarf pine	Swiss mountain pine	e4223c23-df19-4538-b6d2-934dc7599203
Pinus mugo	Mountain pine	Swiss mountain pine	e4223c23-df19-4538-b6d2-934dc7599203
Pinus mugo	Mountain pine- Swiss	Swiss mountain pine	e4223c23-df19-4538-b6d2-934dc7599203
Pinus mugo	Mugo pine	Swiss mountain pine	e4223c23-df19-4538-b6d2-934dc7599203
Pinus mugo	Pine- pumilio	Swiss mountain pine	e4223c23-df19-4538-b6d2-934dc7599203
Pinus mugo	Pine- Swiss mountain	Swiss mountain pine	e4223c23-df19-4538-b6d2-934dc7599203
Pinus mugo	Pumilio pine	Swiss mountain pine	e4223c23-df19-4538-b6d2-934dc7599203
Pinus mugo	Scrub mountain pine	Swiss mountain pine	e4223c23-df19-4538-b6d2-934dc7599203
Pinus mugo	Swiss mountain pine	Swiss mountain pine	e4223c23-df19-4538-b6d2-934dc7599203
Pinus nigra	Baltic redwood	Scots pine	e33c4833-2165-40cf-a9fc-2c54d2288d84
Pinus nigra	Scotch pine	Scots pine	e33c4833-2165-40cf-a9fc-2c54d2288d84
Pinus nigra	Scots pine	Scots pine	e33c4833-2165-40cf-a9fc-2c54d2288d84
Pinus palustris	Longleaf pine	Pitch pine	a6cea050-dc80-4386-838e-5a46d3c6570a
Pinus palustris	Pitch pine	Pitch pine	a6cea050-dc80-4386-838e-5a46d3c6570a
Pinus sylvestris	Baltic redwood	Scots pine	"932079a8-9c21-4881-9354-ee4788333e23"
Pinus sylvestris	Scotch pine	Scots pine	"932079a8-9c21-4881-9354-ee4788333e23"
Pinus sylvestris	Scots pine	Scots pine	"932079a8-9c21-4881-9354-ee4788333e23"
Piper methysticum	Kava	Kava	"942da7b9-9d9c-4d98-8172-5a6f0c9d145e"
Piper methysticum	Kava-kava	Kava	"942da7b9-9d9c-4d98-8172-5a6f0c9d145e"
Piper methysticum	Kava pepper	Kava	"942da7b9-9d9c-4d98-8172-5a6f0c9d145e"
Piper methysticum	Kawa pepper	Kava	"942da7b9-9d9c-4d98-8172-5a6f0c9d145e"
Piper methysticum	Yanggona	Kava	"942da7b9-9d9c-4d98-8172-5a6f0c9d145e"
Piper nigrum	Black pepper	White pepper	c621fec1-7e8b-45a8-ace5-d2a307fd69e2
Piper nigrum	Pepper- black	White pepper	c621fec1-7e8b-45a8-ace5-d2a307fd69e2
Piper nigrum	Pepper- white	White pepper	c621fec1-7e8b-45a8-ace5-d2a307fd69e2
Piper nigrum	White pepper	White pepper	c621fec1-7e8b-45a8-ace5-d2a307fd69e2
Piptoporus betulinus	Piptoporusbetulinus	Piptoporusbetulinus	a5a7abc1-457a-40e9-8c8e-9a1b2f3b0f10
Pistacia lentiscus	Chios mastictree	Lentiscus	ed7c0c22-98a0-4744-b201-5e628fb7b09c
Pistacia lentiscus	Lentiscus	Lentiscus	ed7c0c22-98a0-4744-b201-5e628fb7b09c
Plantago major	Broadleaf plantain	Plantain	cbadc151-5431-4a5d-8d8a-362bfc846923
Plantago major	Common plantain	Plantain	cbadc151-5431-4a5d-8d8a-362bfc846923
Plantago major	Greater plantain	Plantain	cbadc151-5431-4a5d-8d8a-362bfc846923
Plantago major	Plantain	Plantain	cbadc151-5431-4a5d-8d8a-362bfc846923
Platanus occidentalis	AmericanSycamore	AmericanSycamore	faa19683-f50c-449b-bde9-2ffeb6f6e86a
Pogostemon cablin	Cablin patchouli	Patchouly	"9e37cb9a-1cc6-40cc-9717-76f91e5ec7d2"
Pogostemon cablin	Guang huo xiang	Patchouly	"9e37cb9a-1cc6-40cc-9717-76f91e5ec7d2"
Pogostemon cablin	Patchouli-plant	Patchouly	"9e37cb9a-1cc6-40cc-9717-76f91e5ec7d2"
Pogostemon cablin	Patchouly	Patchouly	"9e37cb9a-1cc6-40cc-9717-76f91e5ec7d2"
Posidonia oceanica	Mediterraneantapeweed	Mediterraneantapeweed	b78c54a6-607a-4c1d-8e57-af049d331c7b
Prunella vulgaris	Common selfheal	Xiakucao	f01fea36-195d-4582-82fb-f9cc42bce3e4
Prunella vulgaris	Heal-all	Xiakucao	f01fea36-195d-4582-82fb-f9cc42bce3e4
Prunella vulgaris	Prunella	Xiakucao	f01fea36-195d-4582-82fb-f9cc42bce3e4
Prunella vulgaris	Self-heal	Xiakucao	f01fea36-195d-4582-82fb-f9cc42bce3e4
Prunella vulgaris	Woundwort	Xiakucao	f01fea36-195d-4582-82fb-f9cc42bce3e4
Prunella vulgaris	Xiakucao	Xiakucao	f01fea36-195d-4582-82fb-f9cc42bce3e4
Prunus armeniaca	Apricot	Xing	ea37d5f3-4bfe-4819-9bbe-8fb01145f3f1
Prunus armeniaca	Siberian apricot	Xing	ea37d5f3-4bfe-4819-9bbe-8fb01145f3f1
Prunus armeniaca	Xing	Xing	ea37d5f3-4bfe-4819-9bbe-8fb01145f3f1
Prunus persica	Momo	Tao	f91e4236-fe86-4405-a878-d580d12fe479
Prunus persica	Peach	Tao	f91e4236-fe86-4405-a878-d580d12fe479
Prunus persica	Tao	Tao	f91e4236-fe86-4405-a878-d580d12fe479
Prunus serotina	Black cherry	Black cherry	f4de8348-7b8f-4dbc-a453-d1c3457b5fa4
Prunus serotina	Rum cherry	Black cherry	f4de8348-7b8f-4dbc-a453-d1c3457b5fa4
Prunus serotina	Wild cherry	Black cherry	f4de8348-7b8f-4dbc-a453-d1c3457b5fa4
Prunus spinosa	Blackthorn	Endrino	f6ca2cc6-a662-45fd-92ce-0859dda46dac
Prunus spinosa	Endrino	Endrino	f6ca2cc6-a662-45fd-92ce-0859dda46dac
Pseudognaphalium obtusifolium	Blunt-leaved everlasting	Fragrant everlasting	"1065e0e6-1805-4df3-9e2d-f7071873d922"
Pseudognaphalium obtusifolium	Fragrant everlasting	Fragrant everlasting	"1065e0e6-1805-4df3-9e2d-f7071873d922"
Pseudotsuga menziesii	Douglas-fir	Douglas-fir	"45fca6e2-c4b2-48a5-81b0-332582179372"
Ptelea trifoliata	Hoptree	Shrub-trefoil	c1f44283-484d-45af-afc6-fe006bf9349b
Ptelea trifoliata	Shrub-trefoil	Shrub-trefoil	c1f44283-484d-45af-afc6-fe006bf9349b
Quassia amara	Quassia	Quassia wood	"3e1bf0d1-2af3-44d6-a7cc-e14ce8715cd7"
Quassia amara	Quassia wood	Quassia wood	"3e1bf0d1-2af3-44d6-a7cc-e14ce8715cd7"
Quercus alba	Stave oak	White oak	fa873b7a-608d-4a3d-9d8e-dc18ca38286c
Quercus alba	White oak	White oak	fa873b7a-608d-4a3d-9d8e-dc18ca38286c
Quercus incana	Bluejackoak	Bluejackoak	"1e6f3272-01ae-46a2-91a8-81018eb75972"
Raphanus raphanistrum	Jointed charlock	Wild radish	"7e84e998-2933-4e4f-95e4-9d5fec322bb2"
Raphanus raphanistrum	Wild radish	Wild radish	"7e84e998-2933-4e4f-95e4-9d5fec322bb2"
Reynoutria multiflora	Fleeceflower	He shou wu	"36985d56-018c-475d-8da4-ff7e8dd7d8b9"
Reynoutria multiflora	Fo-ti	He shou wu	"36985d56-018c-475d-8da4-ff7e8dd7d8b9"
Reynoutria multiflora	He shou wu	He shou wu	"36985d56-018c-475d-8da4-ff7e8dd7d8b9"
Rheum	Himalayan rhubarb	zang bian da huang	"01c449ac-6b8e-4119-9675-57ec1fd0bfaa"
Rheum	Himalaya-Rhabarber	zang bian da huang	"01c449ac-6b8e-4119-9675-57ec1fd0bfaa"
Rheum	Indian rhubarb	zang bian da huang	"01c449ac-6b8e-4119-9675-57ec1fd0bfaa"
Rheum	zang bian da huang	zang bian da huang	"01c449ac-6b8e-4119-9675-57ec1fd0bfaa"
Rheum australe	Himalayan rhubarb	zang bian da huang	ce9ce138-9a96-40f7-ab14-de6b006c13f1
Rheum australe	Himalaya-Rhabarber	zang bian da huang	ce9ce138-9a96-40f7-ab14-de6b006c13f1
Rheum australe	Indian rhubarb	zang bian da huang	ce9ce138-9a96-40f7-ab14-de6b006c13f1
Rheum australe	zang bian da huang	zang bian da huang	ce9ce138-9a96-40f7-ab14-de6b006c13f1
Rheum palmatum	Chinese Rhubarb	Zhang ye da huang	"8f7dac4b-1fc0-4f39-9ae1-9e97e60a822b"
Rheum palmatum	Ornamental rhubarb	Zhang ye da huang	"8f7dac4b-1fc0-4f39-9ae1-9e97e60a822b"
Rheum palmatum	Rhubarb	Zhang ye da huang	"8f7dac4b-1fc0-4f39-9ae1-9e97e60a822b"
Rheum palmatum	Zhang ye da huang	Zhang ye da huang	"8f7dac4b-1fc0-4f39-9ae1-9e97e60a822b"
Rhodiola rosea	Hong jing tian	Rhodiola	f42f059e-c9c1-46cf-a593-dcc545abb8d1
Rhodiola rosea	King's-crown	Rhodiola	f42f059e-c9c1-46cf-a593-dcc545abb8d1
Rhodiola rosea	Rhodiola	Rhodiola	f42f059e-c9c1-46cf-a593-dcc545abb8d1
Rhodiola rosea	Roseroot	Rhodiola	f42f059e-c9c1-46cf-a593-dcc545abb8d1
Rhus coriaria	Sicilian sumac	Tanner's sumac	"94aeacf4-d60c-4803-a0fc-031ebe6d0fcc"
Rhus coriaria	Tanner's sumac	Tanner's sumac	"94aeacf4-d60c-4803-a0fc-031ebe6d0fcc"
Robinia pseudoacacia	Black locust	Falsa acacia	f4c27d64-ad26-4be5-9088-75c85b29d345
Robinia pseudoacacia	Falsa acacia	Falsa acacia	f4c27d64-ad26-4be5-9088-75c85b29d345
Rosa canina	Common briar	Dog rose	d8bc97f5-99bd-47cf-b1a0-be307b28f24a
Rosa canina	Dogbrier	Dog rose	d8bc97f5-99bd-47cf-b1a0-be307b28f24a
Rosa canina	Dog rose	Dog rose	d8bc97f5-99bd-47cf-b1a0-be307b28f24a
Rosmarinus officinalis	Rosemary	Rosemary	eb070730-f96a-4453-b552-693feb20ea1f
Rubus ursinus	Boysenberry	Boysenberry	"4843b945-94eb-4362-bb98-aeffb5e1c259"
Rumex crispus	Curly dock	Yellow dock	ee0ca985-8aa1-448b-b278-98b8e8783611
Rumex crispus	Sour dock	Yellow dock	ee0ca985-8aa1-448b-b278-98b8e8783611
Rumex crispus	Yellow dock	Yellow dock	ee0ca985-8aa1-448b-b278-98b8e8783611
Ruscus aculeatus	Box-holly	Butcher's-broom	d1a2070f-4cef-46c4-8a37-a52823051535
Ruscus aculeatus	Butcher's-broom	Butcher's-broom	d1a2070f-4cef-46c4-8a37-a52823051535
Ruta chalepensis	Fringedrue	Fringedrue	b3b21fa1-70d0-4f87-a99b-951e0020d3f6
Ruta graveolens	Rue	Rue	e418338c-0629-4c47-8c1f-1d9021dbc0e7
Salvia officinalis	Common sage	Sage	e593696e-02b1-4133-8418-1fa8a54bb24c
Salvia officinalis	Dalmatian sage	Sage	e593696e-02b1-4133-8418-1fa8a54bb24c
Salvia officinalis	Garden sage	Sage	e593696e-02b1-4133-8418-1fa8a54bb24c
Salvia officinalis	Sage	Sage	e593696e-02b1-4133-8418-1fa8a54bb24c
Salvia pratensis	Meadow clary	Meadow sage	ade472a3-75a7-4667-96a7-f3122ca26302
Salvia pratensis	Meadow sage	Meadow sage	ade472a3-75a7-4667-96a7-f3122ca26302
Salvia sclarea	Clary	Clary sage	ea4c2d3d-03cb-4802-8328-5a6661c4a5c8
Salvia sclarea	Clary sage	Clary sage	ea4c2d3d-03cb-4802-8328-5a6661c4a5c8
Sambucus canadensis	American elder	Sweet Elder	f7a18471-429b-46a8-a157-87368c1b79f2
Sambucus canadensis	Canadian elder	Sweet Elder	f7a18471-429b-46a8-a157-87368c1b79f2
Sambucus canadensis	Sweet Elder	Sweet Elder	f7a18471-429b-46a8-a157-87368c1b79f2
Sambucus nigra	American elder	Sweet Elder	fc07b0e3-cdfc-4696-be3e-031e8a955d73
Sambucus nigra	Canadian elder	Sweet Elder	fc07b0e3-cdfc-4696-be3e-031e8a955d73
Sambucus nigra	Sweet Elder	Sweet Elder	fc07b0e3-cdfc-4696-be3e-031e8a955d73
Sanguinaria canadensis	Bloodroot	Tetterwort	e49ba01e-3732-4142-9e2a-4e78e0578515
Sanguinaria canadensis	Bloodwort	Tetterwort	e49ba01e-3732-4142-9e2a-4e78e0578515
Sanguinaria canadensis	Canadian bloodroot	Tetterwort	e49ba01e-3732-4142-9e2a-4e78e0578515
Sanguinaria canadensis	Red puccoon	Tetterwort	e49ba01e-3732-4142-9e2a-4e78e0578515
Sanguinaria canadensis	Redroot	Tetterwort	e49ba01e-3732-4142-9e2a-4e78e0578515
Sanguinaria canadensis	Tetterwort	Tetterwort	e49ba01e-3732-4142-9e2a-4e78e0578515
Saponaria officinalis	Bouncing-bet	Soapwort	"6ecd557d-37f2-4b10-a431-5268699759fe"
Saponaria officinalis	Soapwort	Soapwort	"6ecd557d-37f2-4b10-a431-5268699759fe"
Saposhnikovia divaricata	Fang feng	Siler	"8da659bc-0b14-46cf-ac4d-7482bf6b3e80"
Saposhnikovia divaricata	Siler	Siler	"8da659bc-0b14-46cf-ac4d-7482bf6b3e80"
Sargassum pallidum	Sargassumpallidum	Sargassumpallidum	daeb56e9-006f-4975-98ef-16a63a08bfeb
Sassafras albidum	Common sassafras	White sassafras	f692b24b-2f09-4cff-9f35-383aac12ec5d
Sassafras albidum	Sassafras	White sassafras	f692b24b-2f09-4cff-9f35-383aac12ec5d
Sassafras albidum	White sassafras	White sassafras	f692b24b-2f09-4cff-9f35-383aac12ec5d
Satureja montana	Savory	Winter savory	e4af13ea-1259-45d4-ac08-ca4b2833ef2b
Satureja montana	Winter savory	Winter savory	e4af13ea-1259-45d4-ac08-ca4b2833ef2b
Schisandra chinensis	Chinese Magnoliavine	Wu wei zi	c688d2ca-e358-4662-b417-25072a01b44a
Schisandra chinensis	Schisandra	Wu wei zi	c688d2ca-e358-4662-b417-25072a01b44a
Schisandra chinensis	Wu wei zi	Wu wei zi	c688d2ca-e358-4662-b417-25072a01b44a
Scutellaria lateriflora	Helmet flower	Virginian skullcap	dc0e0beb-3c72-411d-b1ba-03031cac5604
Scutellaria lateriflora	Hoodwort	Virginian skullcap	dc0e0beb-3c72-411d-b1ba-03031cac5604
Scutellaria lateriflora	Mad-dog scullcap	Virginian skullcap	dc0e0beb-3c72-411d-b1ba-03031cac5604
Scutellaria lateriflora	Quarter bonnet	Virginian skullcap	dc0e0beb-3c72-411d-b1ba-03031cac5604
Scutellaria lateriflora	Scullcap	Virginian skullcap	dc0e0beb-3c72-411d-b1ba-03031cac5604
Scutellaria lateriflora	Skullcap	Virginian skullcap	dc0e0beb-3c72-411d-b1ba-03031cac5604
Scutellaria lateriflora	Virginian skullcap	Virginian skullcap	dc0e0beb-3c72-411d-b1ba-03031cac5604
Senna obtusifolia	Java-bean	Sicklepod senna	fac19f83-e85e-4512-8667-61c6cdee62ec
Senna obtusifolia	Sicklepod	Sicklepod senna	fac19f83-e85e-4512-8667-61c6cdee62ec
Senna obtusifolia	Sicklepod senna	Sicklepod senna	fac19f83-e85e-4512-8667-61c6cdee62ec
Senna occidentalis	Antbush	Stinkingweed	ca00321d-6e70-4e75-a2d6-1a7d412f73ae
Senna occidentalis	Coffee senna	Stinkingweed	ca00321d-6e70-4e75-a2d6-1a7d412f73ae
Senna occidentalis	Negro-coffee	Stinkingweed	ca00321d-6e70-4e75-a2d6-1a7d412f73ae
Senna occidentalis	Stinkingweed	Stinkingweed	ca00321d-6e70-4e75-a2d6-1a7d412f73ae
Serenoa repens	Sabal	Scrub-palmetto	a2951a64-8730-427c-b469-4b53857991f2
Serenoa repens	Saw palmetto	Scrub-palmetto	a2951a64-8730-427c-b469-4b53857991f2
Serenoa repens	Saw-palmetto	Scrub-palmetto	a2951a64-8730-427c-b469-4b53857991f2
Serenoa repens	Scrub-palmetto	Scrub-palmetto	a2951a64-8730-427c-b469-4b53857991f2
Silybum marianum	Blessed milk thistle	Milk thistle	d3ecc546-9cdc-4d82-9253-98721e38fb49
Silybum marianum	Gundagai thistle	Milk thistle	d3ecc546-9cdc-4d82-9253-98721e38fb49
Silybum marianum	Holy thistle	Milk thistle	d3ecc546-9cdc-4d82-9253-98721e38fb49
Silybum marianum	Lady's thistle	Milk thistle	d3ecc546-9cdc-4d82-9253-98721e38fb49
Silybum marianum	Mary's thistle	Milk thistle	d3ecc546-9cdc-4d82-9253-98721e38fb49
Silybum marianum	Mary thistle	Milk thistle	d3ecc546-9cdc-4d82-9253-98721e38fb49
Silybum marianum	Milk thistle	Milk thistle	d3ecc546-9cdc-4d82-9253-98721e38fb49
Silybum marianum	St. Mary's thistle	Milk thistle	d3ecc546-9cdc-4d82-9253-98721e38fb49
Silybum marianum	Variegated thistle	Milk thistle	d3ecc546-9cdc-4d82-9253-98721e38fb49
Sisymbrium officinale	Hedgemustard	Hedgemustard	e5d5ec48-0190-43cb-b1b6-5756eec1cbaa
Solanum anguivi	PoisonBerry	PoisonBerry	cde869aa-bee9-4770-ae3e-c07152a75997
Solidago canadensis	CanadianGoldenrod	CanadianGoldenrod	a5e14b0d-b4ea-48f2-aeae-e314f19f5943
Solidago odora	Anise-scent goldenrod	Fragrant goldenrod	def41b0f-0d4f-4944-894b-4eb50fd3fb32
Solidago odora	Fragrant goldenrod	Fragrant goldenrod	def41b0f-0d4f-4944-894b-4eb50fd3fb32
Stachys officinalis	Bishop's-wort	Wood betony	"1f12bc95-11f2-4b29-9450-f6de0dd729fc"
Stachys officinalis	Purple betony	Wood betony	"1f12bc95-11f2-4b29-9450-f6de0dd729fc"
Stachys officinalis	Wood betony	Wood betony	"1f12bc95-11f2-4b29-9450-f6de0dd729fc"
Stillingia sylvatica	Queen's-delight	Yawroot	"82f56dd6-897b-4b41-b3c7-e4ca074dcf05"
Stillingia sylvatica	Queen's-root	Yawroot	"82f56dd6-897b-4b41-b3c7-e4ca074dcf05"
Stillingia sylvatica	Stillingia	Yawroot	"82f56dd6-897b-4b41-b3c7-e4ca074dcf05"
Stillingia sylvatica	Yawroot	Yawroot	"82f56dd6-897b-4b41-b3c7-e4ca074dcf05"
Swertia chirata	Chirata	Kiratatikta	"252981a6-bfa1-4b8a-8b92-85b5a5850e36"
Swertia chirata	Chiretta	Kiratatikta	"252981a6-bfa1-4b8a-8b92-85b5a5850e36"
Swertia chirata	Kiratatikta	Kiratatikta	"252981a6-bfa1-4b8a-8b92-85b5a5850e36"
Symphytum officinale	Boneset	Slippery-root	dcdc662c-132a-46f6-b2a5-3d5ad265f895
Symphytum officinale	Comfrey	Slippery-root	dcdc662c-132a-46f6-b2a5-3d5ad265f895
Symphytum officinale	Common comfrey	Slippery-root	dcdc662c-132a-46f6-b2a5-3d5ad265f895
Symphytum officinale	Consound	Slippery-root	dcdc662c-132a-46f6-b2a5-3d5ad265f895
Symphytum officinale	Healing-herb	Slippery-root	dcdc662c-132a-46f6-b2a5-3d5ad265f895
Symphytum officinale	Knitbone	Slippery-root	dcdc662c-132a-46f6-b2a5-3d5ad265f895
Symphytum officinale	Slippery-root	Slippery-root	dcdc662c-132a-46f6-b2a5-3d5ad265f895
Tamarindus indica	Indian tamarind	Tamarind	b17df77e-ccc5-47ff-bab8-95fdf9cadda1
Tamarindus indica	Kilytree	Tamarind	b17df77e-ccc5-47ff-bab8-95fdf9cadda1
Tamarindus indica	Tamarin	Tamarind	b17df77e-ccc5-47ff-bab8-95fdf9cadda1
Tamarindus indica	Tamarind	Tamarind	b17df77e-ccc5-47ff-bab8-95fdf9cadda1
Tanacetum parthenium	Feverfew	Feverfew	f709653d-32e2-4500-896d-6f11aee38aae
Tanacetum vulgare	Golden-buttons	Tansy	ab17ae96-a3f7-4519-9222-653878a5768d
Tanacetum vulgare	Tansy	Tansy	ab17ae96-a3f7-4519-9222-653878a5768d
Taraxacum officinale	Common dandelion	Lion's-tooth	dc6d4df3-fe83-4a46-9885-70cb724f52b0
Taraxacum officinale	Dandelion	Lion's-tooth	dc6d4df3-fe83-4a46-9885-70cb724f52b0
Taraxacum officinale	Lion's-tooth	Lion's-tooth	dc6d4df3-fe83-4a46-9885-70cb724f52b0
Thymus vulgaris	Common thyme	Thyme	f1c8894b-1ec0-48da-85cd-175d93606511
Thymus vulgaris	Conehead thyme	Thyme	f1c8894b-1ec0-48da-85cd-175d93606511
Thymus vulgaris	English thyme	Thyme	f1c8894b-1ec0-48da-85cd-175d93606511
Thymus vulgaris	French thyme	Thyme	f1c8894b-1ec0-48da-85cd-175d93606511
Thymus vulgaris	Garden thyme	Thyme	f1c8894b-1ec0-48da-85cd-175d93606511
Thymus vulgaris	Thyme	Thyme	f1c8894b-1ec0-48da-85cd-175d93606511
Tillandsia usneoides	Spanishmoss	Spanishmoss	d3406a80-e804-46ee-8588-0d4959848fbc
Trametes versicolor	Kawaratake	Yunzhi	"695a8cd6-3f39-46ff-9dc8-0b543482072c"
Trametes versicolor	Turkey Tail	Yunzhi	"695a8cd6-3f39-46ff-9dc8-0b543482072c"
Trametes versicolor	Yunzhi	Yunzhi	"695a8cd6-3f39-46ff-9dc8-0b543482072c"
Tribulus terrestris	Caltrop	Tribulus	cc5087c4-9f99-4d53-be08-038be067d7a9
Tribulus terrestris	Cat's-head	Tribulus	cc5087c4-9f99-4d53-be08-038be067d7a9
Tribulus terrestris	Common dubbletjie	Tribulus	cc5087c4-9f99-4d53-be08-038be067d7a9
Tribulus terrestris	Devil's-thorn	Tribulus	cc5087c4-9f99-4d53-be08-038be067d7a9
Tribulus terrestris	Devil's-weed	Tribulus	cc5087c4-9f99-4d53-be08-038be067d7a9
Tribulus terrestris	Goathead	Tribulus	cc5087c4-9f99-4d53-be08-038be067d7a9
Tribulus terrestris	Gokshura	Tribulus	cc5087c4-9f99-4d53-be08-038be067d7a9
Tribulus terrestris	Goksura	Tribulus	cc5087c4-9f99-4d53-be08-038be067d7a9
Tribulus terrestris	Ji li	Tribulus	cc5087c4-9f99-4d53-be08-038be067d7a9
Tribulus terrestris	Puncturevine	Tribulus	cc5087c4-9f99-4d53-be08-038be067d7a9
Tribulus terrestris	Puncturevine caltrop	Tribulus	cc5087c4-9f99-4d53-be08-038be067d7a9
Tribulus terrestris	Tribulus	Tribulus	cc5087c4-9f99-4d53-be08-038be067d7a9
Trigonella foenum	Common fenugreek	Fenugreek	fe7d11d6-2a6e-4347-8e41-3fa7c3e56d8f
Trigonella foenum	Fenugreek	Fenugreek	fe7d11d6-2a6e-4347-8e41-3fa7c3e56d8f
Trigonella foenum	Greek-clover	Fenugreek	fe7d11d6-2a6e-4347-8e41-3fa7c3e56d8f
Trigonella foenum	Greek hay	Fenugreek	fe7d11d6-2a6e-4347-8e41-3fa7c3e56d8f
Trigonella foenum	Hu lu ba	Fenugreek	fe7d11d6-2a6e-4347-8e41-3fa7c3e56d8f
Triticum aestivum	Bread wheat	Wheat grass	f2cc2216-3c71-4645-ba7c-6ce91788e7c8
Triticum aestivum	Wheat	Wheat grass	f2cc2216-3c71-4645-ba7c-6ce91788e7c8
Triticum aestivum	Wheat grass	Wheat grass	f2cc2216-3c71-4645-ba7c-6ce91788e7c8
Triticum aestivum	Xiao mai	Wheat grass	f2cc2216-3c71-4645-ba7c-6ce91788e7c8
Turnera diffusa	Damiana	Damiana	e83eb087-5303-4125-acce-3eefed8249b6
Tussilago farfara	Coltsfoot	Kuandonghua	f67d9ba0-b7db-4030-a7d0-5b879f750b17
Tussilago farfara	Common coltsfoot	Kuandonghua	f67d9ba0-b7db-4030-a7d0-5b879f750b17
Tussilago farfara	Kuan dong	Kuandonghua	f67d9ba0-b7db-4030-a7d0-5b879f750b17
Tussilago farfara	Kuandonghua	Kuandonghua	f67d9ba0-b7db-4030-a7d0-5b879f750b17
Ulmus minor	Europeanfieldelm	Europeanfieldelm	c0f3a3db-cb1a-469c-af29-b7a803b5347d
Ulmus rubra	Red elm	Slippery elm	a7d331f6-1f42-4cda-85f9-0c15c32c6cb7
Ulmus rubra	Slippery elm	Slippery elm	a7d331f6-1f42-4cda-85f9-0c15c32c6cb7
Uncaria tomentosa	Cat's-claw	Cat's-claw	a98e9996-6056-4977-ac66-4f2daaadc762
Urena lobata	Di Tao Hua	Xiao Fan Tian Hua	ef3a5528-4053-42dd-b771-edd577c9a6e4
Urena lobata	Xiao Fan Tian Hua	Xiao Fan Tian Hua	ef3a5528-4053-42dd-b771-edd577c9a6e4
Urtica dioica	Common nettle	Stinging nettle	d5cab229-2ad1-4111-b17d-50f351e306d0
Urtica dioica	European nettle	Stinging nettle	d5cab229-2ad1-4111-b17d-50f351e306d0
Urtica dioica	Greater nettle	Stinging nettle	d5cab229-2ad1-4111-b17d-50f351e306d0
Urtica dioica	Nettle	Stinging nettle	d5cab229-2ad1-4111-b17d-50f351e306d0
Urtica dioica	Stinging nettle	Stinging nettle	d5cab229-2ad1-4111-b17d-50f351e306d0
Urtica dioica	Yi zhu qian ma	Stinging nettle	d5cab229-2ad1-4111-b17d-50f351e306d0
Vaccinium myrsinites	Shinyblueberry	Shinyblueberry	ac7df212-4572-4305-a5e5-373d14545044
Valeriana officinalis	Common valerian	Valerian	ff851355-2232-44c3-bbb5-878d69115494
Valeriana officinalis	Garden-heliotrope	Valerian	ff851355-2232-44c3-bbb5-878d69115494
Valeriana officinalis	Garden valerian	Valerian	ff851355-2232-44c3-bbb5-878d69115494
Valeriana officinalis	Valerian	Valerian	ff851355-2232-44c3-bbb5-878d69115494
Verbascum thapsus	Aaron's-rod	Velvet-dock	d5072fb7-937f-428b-ac33-11c603dbc8a6
Verbascum thapsus	Common mullein	Velvet-dock	d5072fb7-937f-428b-ac33-11c603dbc8a6
Verbascum thapsus	Flannelleaf	Velvet-dock	d5072fb7-937f-428b-ac33-11c603dbc8a6
Verbascum thapsus	Flannelplant	Velvet-dock	d5072fb7-937f-428b-ac33-11c603dbc8a6
Verbascum thapsus	Great mullein	Velvet-dock	d5072fb7-937f-428b-ac33-11c603dbc8a6
Verbascum thapsus	Hag taper	Velvet-dock	d5072fb7-937f-428b-ac33-11c603dbc8a6
Verbascum thapsus	Mullein	Velvet-dock	d5072fb7-937f-428b-ac33-11c603dbc8a6
Verbascum thapsus	Torches	Velvet-dock	d5072fb7-937f-428b-ac33-11c603dbc8a6
Verbascum thapsus	Velvet-dock	Velvet-dock	d5072fb7-937f-428b-ac33-11c603dbc8a6
Viburnum opulus	Crampbark	Guelder rose	f9118816-c1b2-41d6-b663-c7ae98c20b45
Viburnum opulus	Guelder rose	Guelder rose	f9118816-c1b2-41d6-b663-c7ae98c20b45
Vicia faba	Favabean	Favabean	d782bd3e-2554-49b9-9bfd-37ca0e8aecb6
Vitex agnus	Chasteberry	Vitex	c58d7670-a452-4934-95b1-0cd850abcb42
Vitex agnus	Chastetree	Vitex	c58d7670-a452-4934-95b1-0cd850abcb42
Vitex agnus	Vitex	Vitex	c58d7670-a452-4934-95b1-0cd850abcb42
Vitis rotundifolia	Fox grape	Muscadine grape	cc9a6f57-2ec3-418a-aa0b-a5b13dd4cbd6
Vitis rotundifolia	Muscadine	Muscadine grape	cc9a6f57-2ec3-418a-aa0b-a5b13dd4cbd6
Vitis rotundifolia	Muscadine grape	Muscadine grape	cc9a6f57-2ec3-418a-aa0b-a5b13dd4cbd6
Vitis vinifera	Common grapevine	Grapevine	cbc7251c-3eef-4dfe-adc2-f297d089367b
Vitis vinifera	European grape	Grapevine	cbc7251c-3eef-4dfe-adc2-f297d089367b
Vitis vinifera	Grape	Grapevine	cbc7251c-3eef-4dfe-adc2-f297d089367b
Vitis vinifera	Grapevine	Grapevine	cbc7251c-3eef-4dfe-adc2-f297d089367b
Withania somnifera	Asgandh	Ashwaganda	e7481daa-2b81-4e22-9099-9ea42f4f7633
Withania somnifera	Ashwaganda	Ashwaganda	e7481daa-2b81-4e22-9099-9ea42f4f7633
Withania somnifera	Ashwagandha	Ashwaganda	e7481daa-2b81-4e22-9099-9ea42f4f7633
Withania somnifera	Asvagandha	Ashwaganda	e7481daa-2b81-4e22-9099-9ea42f4f7633
Withania somnifera	Indian ginseng	Ashwaganda	e7481daa-2b81-4e22-9099-9ea42f4f7633
Withania somnifera	Winter-cherry	Ashwaganda	e7481daa-2b81-4e22-9099-9ea42f4f7633
Yucca filamentosa	Adam's-needle	Yucca	e6a6aac0-6e83-462d-bb1b-9731b37ccaa7
Yucca filamentosa	Bear-grass	Yucca	e6a6aac0-6e83-462d-bb1b-9731b37ccaa7
Yucca filamentosa	Needle-palm	Yucca	e6a6aac0-6e83-462d-bb1b-9731b37ccaa7
Yucca filamentosa	Spoon-leaf yucca	Yucca	e6a6aac0-6e83-462d-bb1b-9731b37ccaa7
Yucca filamentosa	Yucca	Yucca	e6a6aac0-6e83-462d-bb1b-9731b37ccaa7
Zanthoxylum clava	Hercules'-club	West Indian yellowwood	e905fdf9-fccd-4a3a-8f08-4d500295f23d
Zanthoxylum clava	Pepperbark	West Indian yellowwood	e905fdf9-fccd-4a3a-8f08-4d500295f23d
Zanthoxylum clava	Southern prickly-ash	West Indian yellowwood	e905fdf9-fccd-4a3a-8f08-4d500295f23d
Zanthoxylum clava	West Indian yellowwood	West Indian yellowwood	e905fdf9-fccd-4a3a-8f08-4d500295f23d
Zingiber officinale	Ginger	Ginger	aae99f79-994b-4ebf-9364-a684fd5615be
Zingiber officinale	Jiang	Ginger	aae99f79-994b-4ebf-9364-a684fd5615be
